number,value,datetime_start,datetime_complete,duration,params_l1_ratio,params_reg_strength,user_attrs_n_epochs,system_attrs_completed_rung_0,system_attrs_completed_rung_1,system_attrs_completed_rung_2,system_attrs_completed_rung_3,state
455,0.7376491092883595,2023-07-10 14:39:04.597213,2023-07-10 14:39:06.080264,0 days 00:00:01.483051,0.13378873145606526,0.0004028035485817052,,0.7415366701378077,0.7387738426003624,0.7376491092883595,,PRUNED
181,0.7376500416545999,2023-07-10 14:31:38.879672,2023-07-10 14:31:40.219116,0 days 00:00:01.339444,0.13783860496702666,0.0003573801244883395,,0.7376500416545999,,,,PRUNED
139,0.73765288192723,2023-07-10 14:30:01.707474,2023-07-10 14:30:03.033008,0 days 00:00:01.325534,0.1161727445883262,0.00034453044388560645,,0.73765288192723,,,,PRUNED
477,0.7376597014269564,2023-07-10 14:39:38.088919,2023-07-10 14:39:39.385349,0 days 00:00:01.296430,0.07294662410010302,0.00041404313164300423,,0.7389283034522494,0.7376597014269564,,,PRUNED
222,0.7376669753157562,2023-07-10 14:32:54.571167,2023-07-10 14:32:55.914094,0 days 00:00:01.342927,0.11708030234360253,0.00036721954573525084,,0.7388801268892555,0.7376669753157562,,,PRUNED
292,0.7376686305321589,2023-07-10 14:35:01.853084,2023-07-10 14:35:03.173209,0 days 00:00:01.320125,0.1754541154950151,0.0003910489085305938,,0.739293519415109,0.7376686305321589,,,PRUNED
221,0.7376696842002395,2023-07-10 14:32:53.233962,2023-07-10 14:32:54.571167,0 days 00:00:01.337205,0.09706742895210296,0.00039184329724849975,,0.7376696842002395,,,,PRUNED
124,0.7376771136430187,2023-07-10 14:29:32.442873,2023-07-10 14:29:33.706104,0 days 00:00:01.263231,0.1422630718175573,0.00023736368955786224,,0.7376771136430187,,,,PRUNED
111,0.737686698076669,2023-07-10 14:29:08.829066,2023-07-10 14:29:10.197864,0 days 00:00:01.368798,0.033123492160869156,0.000411870417790118,,0.7420048404889028,0.7387222729916849,0.737686698076669,,PRUNED
393,0.737690951295544,2023-07-10 14:37:36.526757,2023-07-10 14:37:37.797639,0 days 00:00:01.270882,0.17297752994285934,0.000360526845758484,,0.737690951295544,,,,PRUNED
368,0.7376914250908909,2023-07-10 14:37:05.712426,2023-07-10 14:37:07.033560,0 days 00:00:01.321134,0.11165374407735465,0.0003150720274652713,,0.7391887901758348,0.7376914250908909,,,PRUNED
238,0.7377050575240918,2023-07-10 14:33:25.895514,2023-07-10 14:33:27.232186,0 days 00:00:01.336672,0.26414948413249534,0.0003494574102861055,,0.7391690842120775,0.7377050575240918,,,PRUNED
71,0.7377052998227278,2023-07-10 14:27:57.012976,2023-07-10 14:27:58.342707,0 days 00:00:01.329731,0.04936931761545412,0.0004016420374778976,,0.7413536654319665,0.738987742751062,0.7377052998227278,,PRUNED
203,0.7377088272380558,2023-07-10 14:32:24.030397,2023-07-10 14:32:25.341031,0 days 00:00:01.310634,0.15399089810691693,0.0004480835701472468,,0.7412298640857332,0.738772316640557,0.7377088272380558,,PRUNED
134,0.7377107690975335,2023-07-10 14:29:51.637950,2023-07-10 14:29:53.000751,0 days 00:00:01.362801,0.16453812701612658,0.0002594626978747622,,0.7377107690975335,,,,PRUNED
265,0.7377112517195501,2023-07-10 14:34:13.959845,2023-07-10 14:34:15.291863,0 days 00:00:01.332018,0.12129241882608707,0.0003487332137274316,,0.7377112517195501,,,,PRUNED
276,0.7377114085110542,2023-07-10 14:34:31.555722,2023-07-10 14:34:32.913632,0 days 00:00:01.357910,0.18434680832300465,0.0004650328031884752,,0.7392960398066046,0.7377114085110542,,,PRUNED
384,0.7377127507904948,2023-07-10 14:37:25.278351,2023-07-10 14:37:26.601623,0 days 00:00:01.323272,0.07291339430763805,0.0004137367147058465,,0.7388255624727763,0.7377127507904948,,,PRUNED
132,0.7377137565604797,2023-07-10 14:29:48.745119,2023-07-10 14:29:50.258778,0 days 00:00:01.513659,0.12275351178346466,0.0004256604873538701,,0.7389506414283911,0.7377137565604797,,,PRUNED
441,0.7377150067026543,2023-07-10 14:38:47.432916,2023-07-10 14:38:48.713965,0 days 00:00:01.281049,0.3430889922743241,0.00037017457226127686,,0.7394313338533227,0.7377150067026543,,,PRUNED
56,0.7377161750338986,2023-07-10 14:27:32.751802,2023-07-10 14:27:34.001999,0 days 00:00:01.250197,0.27108332296777077,0.0004232676368371305,,0.7391524755329882,0.7377161750338986,,,PRUNED
335,0.7377164222601129,2023-07-10 14:36:06.384900,2023-07-10 14:36:07.718424,0 days 00:00:01.333524,0.18886695051856012,0.0004619134475634176,,0.7377164222601129,,,,PRUNED
167,0.7377167428871255,2023-07-10 14:31:03.657931,2023-07-10 14:31:04.964393,0 days 00:00:01.306462,0.1465846743230387,0.0003041570815461359,,0.7377167428871255,,,,PRUNED
106,0.737723723628058,2023-07-10 14:28:58.821299,2023-07-10 14:29:00.203191,0 days 00:00:01.381892,0.19919257043493974,0.0003058997351240848,,0.7401830416244852,0.737723723628058,,,PRUNED
142,0.7377528243526524,2023-07-10 14:30:08.965697,2023-07-10 14:30:10.284029,0 days 00:00:01.318332,0.08113502527179713,0.0004501074912474029,,0.7387492686260935,0.7377528243526524,,,PRUNED
205,0.7377610862116157,2023-07-10 14:32:26.543000,2023-07-10 14:32:27.860667,0 days 00:00:01.317667,0.12351484537576427,0.0004612977503856224,,0.7389598513923763,0.7377610862116157,,,PRUNED
227,0.7377624110106603,2023-07-10 14:33:04.560357,2023-07-10 14:33:05.894720,0 days 00:00:01.334363,0.1856383887691846,0.00024711710501345733,,0.7377624110106603,,,,PRUNED
382,0.7377743792008811,2023-07-10 14:37:22.677353,2023-07-10 14:37:23.978667,0 days 00:00:01.301314,0.1826351517679858,0.0002552193258849966,,0.7377743792008811,,,,PRUNED
231,0.7377845755711058,2023-07-10 14:33:09.501778,2023-07-10 14:33:10.910756,0 days 00:00:01.408978,0.05931194384574956,0.00044653837264210675,,0.7409029143546468,0.7389456465777682,0.7377845755711058,,PRUNED
496,0.7377920655774953,2023-07-10 14:40:07.957339,2023-07-10 14:40:09.309138,0 days 00:00:01.351799,0.12471098170103564,0.0004586877642576947,,0.7420495999811008,0.7388251817156462,0.7377920655774953,,PRUNED
242,0.7377923322068538,2023-07-10 14:33:30.903518,2023-07-10 14:33:32.249188,0 days 00:00:01.345670,0.17848104876327583,0.0004780680613163137,,0.7377923322068538,,,,PRUNED
392,0.7378022838613659,2023-07-10 14:37:35.263119,2023-07-10 14:37:36.526257,0 days 00:00:01.263138,0.14120047121075546,0.0004627950011128912,,0.7378022838613659,,,,PRUNED
337,0.7378048545148087,2023-07-10 14:36:08.909960,2023-07-10 14:36:10.281212,0 days 00:00:01.371252,0.2891110042442398,0.00037717340947370805,,0.7378048545148087,,,,PRUNED
488,0.7378370294677894,2023-07-10 14:39:54.928737,2023-07-10 14:39:56.209082,0 days 00:00:01.280345,0.35966006384944965,0.0003889210512566477,,0.7378370294677894,,,,PRUNED
66,0.7378381363858487,2023-07-10 14:27:50.970621,2023-07-10 14:27:52.237875,0 days 00:00:01.267254,0.030062423021305587,0.0004034245041566291,,0.7390938877863569,0.7378381363858487,,,PRUNED
36,0.7378510280300231,2023-07-10 14:26:59.591090,2023-07-10 14:27:00.834215,0 days 00:00:01.243125,0.15464336871413306,0.00023918157774241347,,0.7410733067777375,0.7378510280300231,,,PRUNED
377,0.7378515621024484,2023-07-10 14:37:16.566182,2023-07-10 14:37:17.930191,0 days 00:00:01.364009,0.16168054211309846,0.0004788250346619598,,0.7392782596672471,0.7378515621024484,,,PRUNED
68,0.7378543043118778,2023-07-10 14:27:53.376829,2023-07-10 14:27:54.637142,0 days 00:00:01.260313,0.2178283715906632,0.00024998941736812687,,0.7378543043118778,,,,PRUNED
109,0.7378595738784642,2023-07-10 14:29:06.224111,2023-07-10 14:29:07.600268,0 days 00:00:01.376157,0.06013002621636575,0.0004553141489396813,,0.7408666176073181,0.7386364042940132,0.7378595738784642,,PRUNED
195,0.7378777991218889,2023-07-10 14:32:10.322350,2023-07-10 14:32:11.668849,0 days 00:00:01.346499,0.2277805950686804,0.00046908546448967236,,0.7378777991218889,,,,PRUNED
84,0.7378807778973826,2023-07-10 14:28:20.607650,2023-07-10 14:28:21.984352,0 days 00:00:01.376702,0.13136024435910293,0.0004859725875941951,,0.7378807778973826,,,,PRUNED
47,0.7378810960690346,2023-07-10 14:27:15.677065,2023-07-10 14:27:16.927846,0 days 00:00:01.250781,0.12362392595206084,0.00046537335020319987,,0.74131611491841,0.7391065660134182,0.7378810960690346,,PRUNED
323,0.7379051966572981,2023-07-10 14:35:51.340159,2023-07-10 14:35:52.683008,0 days 00:00:01.342849,0.20067152987139222,0.0004971159519666106,,0.7379051966572981,,,,PRUNED
258,0.7379136108986426,2023-07-10 14:34:01.492911,2023-07-10 14:34:02.820079,0 days 00:00:01.327168,0.30006794299216993,0.0004650286210367191,,0.7379136108986426,,,,PRUNED
166,0.737914528311956,2023-07-10 14:31:02.342504,2023-07-10 14:31:03.657431,0 days 00:00:01.314927,0.1277185587944106,0.0005031933222693255,,0.737914528311956,,,,PRUNED
127,0.7379343387100495,2023-07-10 14:29:39.190265,2023-07-10 14:29:40.435305,0 days 00:00:01.245040,0.2671359395563638,0.00047702865945481714,,0.7424242682884118,0.7389052961268389,0.7379343387100495,,PRUNED
327,0.7379502984590001,2023-07-10 14:35:56.432705,2023-07-10 14:35:57.719878,0 days 00:00:01.287173,0.3966178346735365,0.00028481182579799676,,0.7379502984590001,,,,PRUNED
452,0.7379510082398367,2023-07-10 14:39:00.842803,2023-07-10 14:39:02.192093,0 days 00:00:01.349290,0.19386630505197097,0.0005016572044022566,,0.7393237579708745,0.7379510082398367,,,PRUNED
149,0.7379525449306367,2023-07-10 14:30:20.873200,2023-07-10 14:30:22.196017,0 days 00:00:01.322817,0.07338800005486376,0.0005020182812375744,,0.7379525449306367,,,,PRUNED
297,0.7379539366536764,2023-07-10 14:35:07.959482,2023-07-10 14:35:09.370262,0 days 00:00:01.410780,0.13916293508121913,0.0004898018614761239,,0.7393205268060903,0.7379539366536764,,,PRUNED
461,0.7379565935430138,2023-07-10 14:39:12.009662,2023-07-10 14:39:13.274988,0 days 00:00:01.265326,0.10646074520676496,0.0004938479518887472,,0.7379565935430138,,,,PRUNED
288,0.7379609041820687,2023-07-10 14:34:53.483189,2023-07-10 14:34:54.801294,0 days 00:00:01.318105,0.23412348619699286,0.0002816930399081423,,0.7379609041820687,,,,PRUNED
151,0.7379625481709186,2023-07-10 14:30:23.319641,2023-07-10 14:30:24.632705,0 days 00:00:01.313064,0.16182777796812697,0.0002943574956481106,,0.7379625481709186,,,,PRUNED
223,0.7379816579362163,2023-07-10 14:32:55.914593,2023-07-10 14:32:57.240765,0 days 00:00:01.326172,0.07995316664735974,0.000469354458617792,,0.7407041654373979,0.7389030031421149,0.7379816579362163,,PRUNED
25,0.7379951200967726,2023-07-10 14:26:36.816255,2023-07-10 14:26:38.062885,0 days 00:00:01.246630,0.3268374250019027,0.0004927483710433388,,0.7404874057456012,0.7389836457067394,0.7379951200967726,,PRUNED
266,0.7380058792314698,2023-07-10 14:34:15.292361,2023-07-10 14:34:16.617766,0 days 00:00:01.325405,0.15067625563468967,0.0004908313449762093,,0.7391696547387197,0.7380058792314698,,,PRUNED
252,0.7380059022911735,2023-07-10 14:33:50.458404,2023-07-10 14:33:51.785672,0 days 00:00:01.327268,0.1707577287672596,0.0005182912873008418,,0.7417886374116556,0.7389751918333106,0.7380059022911735,,PRUNED
94,0.7380080978362784,2023-07-10 14:28:40.525395,2023-07-10 14:28:41.859668,0 days 00:00:01.334273,0.18320446396505563,0.0005168141709639576,,0.7425136306345299,0.7390466504669642,0.7380080978362784,,PRUNED
414,0.7380224305645369,2023-07-10 14:38:08.155364,2023-07-10 14:38:09.420226,0 days 00:00:01.264862,0.6110460599446129,0.00044503772998183476,,0.7380224305645369,,,,PRUNED
172,0.7380230573051286,2023-07-10 14:31:13.228196,2023-07-10 14:31:14.637322,0 days 00:00:01.409126,0.5046840243923314,0.00045437234665154214,,0.7380230573051286,,,,PRUNED
340,0.7380340909028495,2023-07-10 14:36:12.811950,2023-07-10 14:36:14.195500,0 days 00:00:01.383550,0.13388676044252304,0.0005203271209098644,,0.7418391883969394,0.7388379391181565,0.7380340909028495,,PRUNED
305,0.7380511716084422,2023-07-10 14:35:21.329513,2023-07-10 14:35:22.620729,0 days 00:00:01.291216,0.3819804673945506,0.0005267713563748277,,0.7380511716084422,,,,PRUNED
189,0.7380600952944126,2023-07-10 14:31:59.412836,2023-07-10 14:32:00.722135,0 days 00:00:01.309299,0.25625608645502157,0.0005036836707971115,,0.7380600952944126,,,,PRUNED
52,0.7380656463144984,2023-07-10 14:27:24.786509,2023-07-10 14:27:26.029738,0 days 00:00:01.243229,0.16202339006851518,0.0005324324584028165,,0.7380656463144984,,,,PRUNED
424,0.7380930009535462,2023-07-10 14:38:23.643416,2023-07-10 14:38:24.930135,0 days 00:00:01.286719,0.4302003185992783,0.000480315953194736,,0.7380930009535462,,,,PRUNED
356,0.7381066072114433,2023-07-10 14:36:43.680765,2023-07-10 14:36:45.003498,0 days 00:00:01.322733,0.22382623073490573,0.0005405623656991368,,0.7424156163869773,0.7388039408412782,0.7381066072114433,,PRUNED
331,0.7381250935885473,2023-07-10 14:36:01.501802,2023-07-10 14:36:02.840540,0 days 00:00:01.338738,0.16349367083055807,0.0005462264820371728,,0.7392991679485671,0.7381250935885473,,,PRUNED
273,0.7381350908677682,2023-07-10 14:34:23.923406,2023-07-10 14:34:25.251548,0 days 00:00:01.328142,0.16090263419362036,0.0005374776228186644,,0.7389550449667712,0.7381350908677682,,,PRUNED
123,0.7381374443701068,2023-07-10 14:29:31.154908,2023-07-10 14:29:32.442873,0 days 00:00:01.287965,0.05485621774399358,0.0005253727393836672,,0.7411776569590826,0.7388635859347077,0.7381374443701068,,PRUNED
114,0.7381736037716496,2023-07-10 14:29:12.642726,2023-07-10 14:29:14.019417,0 days 00:00:01.376691,0.0442097789762064,0.0005267595645375152,,0.7399238287019553,0.7388234450245788,0.7381736037716496,,PRUNED
213,0.7381800570195046,2023-07-10 14:32:43.423358,2023-07-10 14:32:44.771372,0 days 00:00:01.348014,0.3513470827392743,0.0005179430745690363,,0.739142750391085,0.7381800570195046,,,PRUNED
138,0.7381865824769243,2023-07-10 14:30:00.337223,2023-07-10 14:30:01.706975,0 days 00:00:01.369752,0.18519122957329243,0.0005579165988841235,,0.7388517465476176,0.7381865824769243,,,PRUNED
219,0.7381874576924775,2023-07-10 14:32:50.724083,2023-07-10 14:32:52.071674,0 days 00:00:01.347591,0.1402408508499154,0.0005590074450943884,,0.7381874576924775,,,,PRUNED
284,0.7381908432075218,2023-07-10 14:34:48.698973,2023-07-10 14:34:49.971388,0 days 00:00:01.272415,0.20815358276248228,0.0005493163199361909,,0.7388300821444148,0.7381908432075218,,,PRUNED
144,0.7381924264611938,2023-07-10 14:30:11.435351,2023-07-10 14:30:12.748815,0 days 00:00:01.313464,0.09970130436679267,0.0005509030885007124,,0.7381924264611938,,,,PRUNED
103,0.7382087562624576,2023-07-10 14:28:55.167973,2023-07-10 14:28:56.497801,0 days 00:00:01.329828,0.21179969597785148,0.000544887573113659,,0.7382087562624576,,,,PRUNED
383,0.7382202900624246,2023-07-10 14:37:23.979168,2023-07-10 14:37:25.277851,0 days 00:00:01.298683,0.32545349766698217,0.0005483930634235891,,0.7388271440841853,0.7382202900624246,,,PRUNED
476,0.7382328719696091,2023-07-10 14:39:36.789267,2023-07-10 14:39:38.088419,0 days 00:00:01.299152,0.48873713459649853,0.0005568728269010124,,0.7391618097372222,0.7382328719696091,,,PRUNED
183,0.738247308655088,2023-07-10 14:31:44.884955,2023-07-10 14:31:46.197220,0 days 00:00:01.312265,0.20756282653459202,0.0005662268272779151,,0.738247308655088,,,,PRUNED
371,0.7382726254258529,2023-07-10 14:37:09.336437,2023-07-10 14:37:10.664179,0 days 00:00:01.327742,0.4068688433201939,0.0005729507802858013,,0.7389785990198408,0.7382726254258529,,,PRUNED
234,0.7382738360121502,2023-07-10 14:33:17.110882,2023-07-10 14:33:18.489402,0 days 00:00:01.378520,0.41205996774347387,0.000538656727379357,,0.7382738360121502,,,,PRUNED
491,0.7383219844296419,2023-07-10 14:39:58.481365,2023-07-10 14:39:59.772210,0 days 00:00:01.290845,0.4670356988407865,0.0005676340789383702,,0.7383219844296419,,,,PRUNED
332,0.7383480821529225,2023-07-10 14:36:02.841040,2023-07-10 14:36:04.131702,0 days 00:00:01.290662,0.14282628023015217,0.00020382971997522626,,0.7383480821529225,,,,PRUNED
422,0.7383905036617182,2023-07-10 14:38:21.152851,2023-07-10 14:38:22.510290,0 days 00:00:01.357439,0.2557725350202038,0.0006095104638144333,,0.7392903310682956,0.7383905036617182,,,PRUNED
65,0.7384609481758518,2023-07-10 14:27:49.712506,2023-07-10 14:27:50.970122,0 days 00:00:01.257616,0.13292793061844244,0.0001860594395441828,,0.7384609481758518,,,,PRUNED
338,0.7385094854836497,2023-07-10 14:36:10.281713,2023-07-10 14:36:11.620583,0 days 00:00:01.338870,0.1544035134276328,0.0006481954855012323,,0.7394824042777088,0.7385094854836497,,,PRUNED
119,0.7385357099776262,2023-07-10 14:29:22.833144,2023-07-10 14:29:24.105773,0 days 00:00:01.272629,0.0013380978030272106,0.0006181347003866676,,0.7385357099776262,,,,PRUNED
133,0.7385503550968805,2023-07-10 14:29:50.259278,2023-07-10 14:29:51.636950,0 days 00:00:01.377672,0.20848730408765165,0.0006458712191187736,,0.7394833332718681,0.7385503550968805,,,PRUNED
80,0.7385547917205934,2023-07-10 14:28:11.755081,2023-07-10 14:28:13.095344,0 days 00:00:01.340263,0.2232251233476747,0.00019367008229839662,,0.7385547917205934,,,,PRUNED
342,0.738612723882237,2023-07-10 14:36:15.326317,2023-07-10 14:36:16.604847,0 days 00:00:01.278530,0.7349114840513713,0.0002774058635592856,,0.738612723882237,,,,PRUNED
372,0.7389898164457211,2023-07-10 14:37:10.664678,2023-07-10 14:37:11.853880,0 days 00:00:01.189202,0.22819297829382643,0.0004583782864267941,,0.7421458894317103,0.7389898164457211,,,PRUNED
361,0.7389979778433625,2023-07-10 14:36:53.527223,2023-07-10 14:36:54.742356,0 days 00:00:01.215133,0.15760030648298728,0.0004873330534488766,,0.740912334901167,0.7389979778433625,,,PRUNED
236,0.7390080763479541,2023-07-10 14:33:19.662660,2023-07-10 14:33:20.877549,0 days 00:00:01.214889,0.14526849107958095,0.00043259869516676803,,0.7410152379149808,0.7390080763479541,,,PRUNED
296,0.7390475629657062,2023-07-10 14:35:06.753881,2023-07-10 14:35:07.958982,0 days 00:00:01.205101,0.10013066634660253,0.00038265208586395525,,0.7419390818262277,0.7390475629657062,,,PRUNED
165,0.7390538095701136,2023-07-10 14:31:01.042400,2023-07-10 14:31:02.342004,0 days 00:00:01.299604,0.19420178952752648,0.000702071079795753,,0.7397073865139574,0.7390538095701136,,,PRUNED
293,0.7390602500789927,2023-07-10 14:35:03.173709,2023-07-10 14:35:04.365878,0 days 00:00:01.192169,0.08651705753030625,0.00047315404794602735,,0.7411289839979349,0.7390602500789927,,,PRUNED
174,0.7390614825586896,2023-07-10 14:31:19.598889,2023-07-10 14:31:20.797884,0 days 00:00:01.198995,0.1524789228811562,0.0005890854819585117,,0.7422910570275839,0.7390614825586896,,,PRUNED
328,0.7390820984329997,2023-07-10 14:35:57.720380,2023-07-10 14:35:58.929471,0 days 00:00:01.209091,0.18125579883082168,0.0004415560493386259,,0.7412687208387146,0.7390820984329997,,,PRUNED
198,0.7390864755983875,2023-07-10 14:32:14.108254,2023-07-10 14:32:15.370021,0 days 00:00:01.261767,0.16818341609754495,0.0005633840737348805,,0.7422097403470297,0.7390864755983875,,,PRUNED
146,0.7391102341767389,2023-07-10 14:30:17.393101,2023-07-10 14:30:18.572632,0 days 00:00:01.179531,0.1485742982577093,0.000377465691767795,,0.7421356234764142,0.7391102341767389,,,PRUNED
215,0.7391288629858699,2023-07-10 14:32:45.963683,2023-07-10 14:32:47.172754,0 days 00:00:01.209071,0.14680356029263972,0.0003805203263816372,,0.7411355703058823,0.7391288629858699,,,PRUNED
88,0.7391324374307962,2023-07-10 14:28:29.303171,2023-07-10 14:28:30.670224,0 days 00:00:01.367053,0.14450770537670476,0.0007151730467705675,,0.7391324374307962,,,,PRUNED
260,0.7391609308130518,2023-07-10 14:34:07.908954,2023-07-10 14:34:09.175734,0 days 00:00:01.266780,0.1925296845333902,0.00040976051318270614,,0.7420127158935751,0.7391609308130518,,,PRUNED
429,0.7391702450174457,2023-07-10 14:38:29.710467,2023-07-10 14:38:30.918282,0 days 00:00:01.207815,0.21029860771815795,0.0004947001459466459,,0.7400388785938556,0.7391702450174457,,,PRUNED
193,0.7391919253689682,2023-07-10 14:32:07.930304,2023-07-10 14:32:09.125453,0 days 00:00:01.195149,0.21605291531896026,0.0006484438486895939,,0.7416726735052663,0.7391919253689682,,,PRUNED
160,0.7391940133799185,2023-07-10 14:30:51.781359,2023-07-10 14:30:52.977847,0 days 00:00:01.196488,0.132294226684227,0.0004959390993730864,,0.7423280567695071,0.7391940133799185,,,PRUNED
375,0.739213910289547,2023-07-10 14:37:14.142270,2023-07-10 14:37:15.361627,0 days 00:00:01.219357,0.19510879865467995,0.0003845226139891082,,0.7420882825655853,0.739213910289547,,,PRUNED
428,0.739220449602548,2023-07-10 14:38:28.481011,2023-07-10 14:38:29.709969,0 days 00:00:01.228958,0.1869788978717557,0.00039445751313107276,,0.7421216581436273,0.739220449602548,,,PRUNED
21,0.7392288198723459,2023-07-10 14:26:32.356923,2023-07-10 14:26:33.495280,0 days 00:00:01.138357,0.2824667728321568,0.0005017752853396168,,0.7429841011373474,0.7392288198723459,,,PRUNED
121,0.7392449314695771,2023-07-10 14:29:25.215123,2023-07-10 14:29:26.370266,0 days 00:00:01.155143,0.02837951513682374,0.00037663466423475773,,0.7422293596336191,0.7392449314695771,,,PRUNED
58,0.739278667117172,2023-07-10 14:27:35.134719,2023-07-10 14:27:36.262912,0 days 00:00:01.128193,0.10595748077424894,0.0005879560909178095,,0.7428775840616437,0.739278667117172,,,PRUNED
245,0.7392839182198583,2023-07-10 14:33:38.209810,2023-07-10 14:33:39.407221,0 days 00:00:01.197411,0.131652407534727,0.0005043144954325836,,0.7406646120893625,0.7392839182198583,,,PRUNED
483,0.7392957908739377,2023-07-10 14:39:49.013424,2023-07-10 14:39:50.225157,0 days 00:00:01.211733,0.4099148793119971,0.0006748011197846317,,0.7414284078923314,0.7392957908739377,,,PRUNED
473,0.7393468683986832,2023-07-10 14:39:33.287228,2023-07-10 14:39:34.466943,0 days 00:00:01.179715,0.0908292717232567,0.0003673236768293507,,0.7422407882550605,0.7393468683986832,,,PRUNED
73,0.7393557715984208,2023-07-10 14:27:59.547366,2023-07-10 14:28:00.855544,0 days 00:00:01.308178,0.13712893990526395,0.00035432415234846917,,0.7424131839073784,0.7393557715984208,,,PRUNED
83,0.7393761164409647,2023-07-10 14:28:19.419009,2023-07-10 14:28:20.607151,0 days 00:00:01.188142,0.10749863332717627,0.0006129907739050895,,0.7426816776658753,0.7393761164409647,,,PRUNED
249,0.7394270492649251,2023-07-10 14:33:42.991093,2023-07-10 14:33:44.184428,0 days 00:00:01.193335,0.2028251166140281,0.00037461473051455786,,0.7422073228151453,0.7394270492649251,,,PRUNED
101,0.7394321576039515,2023-07-10 14:28:52.719956,2023-07-10 14:28:53.963312,0 days 00:00:01.243356,0.13573052192424745,0.00036024909393110604,,0.7420296853455561,0.7394321576039515,,,PRUNED
448,0.7394387763445356,2023-07-10 14:38:56.196597,2023-07-10 14:38:57.427725,0 days 00:00:01.231128,0.11780561063018417,0.000363064532022873,,0.7420248320382818,0.7394387763445356,,,PRUNED
306,0.7394599830209563,2023-07-10 14:35:22.620729,2023-07-10 14:35:23.847181,0 days 00:00:01.226452,0.21763741802990974,0.0003517958767336631,,0.7422987863896734,0.7394599830209563,,,PRUNED
486,0.7394687836453969,2023-07-10 14:39:52.609400,2023-07-10 14:39:53.787438,0 days 00:00:01.178038,0.28661261898964374,0.0004893205538228077,,0.7407369166154574,0.7394687836453969,,,PRUNED
117,0.7394712639269044,2023-07-10 14:29:16.448504,2023-07-10 14:29:17.738477,0 days 00:00:01.289973,0.06783455758605852,0.0003659873293808063,,0.7420643057046867,0.7394712639269044,,,PRUNED
442,0.7394739074254686,2023-07-10 14:38:48.713965,2023-07-10 14:38:49.887097,0 days 00:00:01.173132,0.46594062309111783,0.00044401069316477444,,0.7419147182070279,0.7394739074254686,,,PRUNED
241,0.7395007228461127,2023-07-10 14:33:29.688005,2023-07-10 14:33:30.903017,0 days 00:00:01.215012,0.28215494407757624,0.0004109493232805227,,0.7416374618286212,0.7395007228461127,,,PRUNED
301,0.7395099569290717,2023-07-10 14:35:13.000081,2023-07-10 14:35:14.181816,0 days 00:00:01.181735,0.06945448067437818,0.0003580676023363546,,0.7418295821613383,0.7395099569290717,,,PRUNED
38,0.7395101344902257,2023-07-10 14:27:02.120598,2023-07-10 14:27:03.263708,0 days 00:00:01.143110,0.08934055478621752,0.0006063617089715572,,0.7419266212107553,0.7395101344902257,,,PRUNED
298,0.739515428267025,2023-07-10 14:35:09.370262,2023-07-10 14:35:10.624526,0 days 00:00:01.254264,0.1936418945531435,0.0006410308805906355,,0.7420308984577095,0.739515428267025,,,PRUNED
67,0.7395232954925229,2023-07-10 14:27:52.238375,2023-07-10 14:27:53.376829,0 days 00:00:01.138454,0.17194652809529953,0.0006256754808077901,,0.7426910052636997,0.7395232954925229,,,PRUNED
403,0.7395285238716167,2023-07-10 14:37:51.668676,2023-07-10 14:37:52.893667,0 days 00:00:01.224991,0.265068755779791,0.00040305693297376194,,0.7395285238716167,,,,PRUNED
22,0.7395548284048129,2023-07-10 14:26:33.495780,2023-07-10 14:26:34.636468,0 days 00:00:01.140688,0.18339745491061027,0.0003885710217456631,,0.7417114441703495,0.7395548284048129,,,PRUNED
115,0.7395815096726027,2023-07-10 14:29:14.019917,2023-07-10 14:29:15.253332,0 days 00:00:01.233415,0.013871635825649098,0.00036692239876866457,,0.7413703527395062,0.7395815096726027,,,PRUNED
325,0.7395885801112678,2023-07-10 14:35:54.010773,2023-07-10 14:35:55.257991,0 days 00:00:01.247218,0.30929445591680366,0.0003559517732947395,,0.7395885801112678,,,,PRUNED
91,0.739604221398914,2023-07-10 14:28:33.077408,2023-07-10 14:28:34.299898,0 days 00:00:01.222490,0.12070559235352006,0.00032624355193816183,,0.7423094960605948,0.739604221398914,,,PRUNED
93,0.7396080690377351,2023-07-10 14:28:39.336443,2023-07-10 14:28:40.524898,0 days 00:00:01.188455,0.05024374304460097,0.0003550562218465639,,0.741178930765193,0.7396080690377351,,,PRUNED
453,0.7396101738329159,2023-07-10 14:39:02.192593,2023-07-10 14:39:03.350704,0 days 00:00:01.158111,0.5872449659460501,0.00032776791849026537,,0.7396101738329159,,,,PRUNED
253,0.7396166840235211,2023-07-10 14:33:51.786171,2023-07-10 14:33:53.041426,0 days 00:00:01.255255,0.14407873984698671,0.0003491647336165168,,0.7396166840235211,,,,PRUNED
204,0.7396262949153192,2023-07-10 14:32:25.341031,2023-07-10 14:32:26.542500,0 days 00:00:01.201469,0.25011667994425896,0.0003350172280355301,,0.7418292885206881,0.7396262949153192,,,PRUNED
34,0.7396464057336742,2023-07-10 14:26:57.362696,2023-07-10 14:26:58.491060,0 days 00:00:01.128364,0.43176413272498926,0.0007122491818307052,,0.7415797411722421,0.7396464057336742,,,PRUNED
17,0.7396596333201333,2023-07-10 14:26:24.365920,2023-07-10 14:26:25.613023,0 days 00:00:01.247103,0.2865364291438496,0.000781442690528253,,0.7402149003973696,0.7396596333201333,,,PRUNED
108,0.7396650075748407,2023-07-10 14:29:04.974245,2023-07-10 14:29:06.223611,0 days 00:00:01.249366,0.12134342145498081,0.0006402259583204261,,0.7421490163518892,0.7396650075748407,,,PRUNED
370,0.739666338959413,2023-07-10 14:37:08.176172,2023-07-10 14:37:09.335407,0 days 00:00:01.159235,0.3806225279259473,0.00036721220416109656,,0.7423723582987816,0.739666338959413,,,PRUNED
359,0.7397288574311801,2023-07-10 14:36:51.070488,2023-07-10 14:36:52.342397,0 days 00:00:01.271909,0.4915687459681061,0.0004165938562414263,,0.7397288574311801,,,,PRUNED
272,0.7397501007701885,2023-07-10 14:34:22.694973,2023-07-10 14:34:23.922907,0 days 00:00:01.227934,0.11257275483791905,0.0003105174358828734,,0.7397501007701885,,,,PRUNED
426,0.7397540797788015,2023-07-10 14:38:26.139328,2023-07-10 14:38:27.319053,0 days 00:00:01.179725,0.20361810948061346,0.00037159107629264684,,0.7424405657167332,0.7397540797788015,,,PRUNED
339,0.7397622291102685,2023-07-10 14:36:11.620583,2023-07-10 14:36:12.811451,0 days 00:00:01.190868,0.35997094557149784,0.00032826045772082145,,0.7397622291102685,,,,PRUNED
214,0.7398100238650633,2023-07-10 14:32:44.771869,2023-07-10 14:32:45.963183,0 days 00:00:01.191314,0.11533922549422215,0.00031942262769394384,,0.7398100238650633,,,,PRUNED
482,0.7398128516070814,2023-07-10 14:39:47.768664,2023-07-10 14:39:49.012926,0 days 00:00:01.244262,0.6871428558213533,0.00028242619771122837,,0.7398128516070814,,,,PRUNED
78,0.7398198425756024,2023-07-10 14:28:09.196264,2023-07-10 14:28:10.530313,0 days 00:00:01.334049,0.25109474746965943,0.0008112938500930833,,0.7402761568900749,0.7398198425756024,,,PRUNED
177,0.7399221812538538,2023-07-10 14:31:30.319260,2023-07-10 14:31:31.534729,0 days 00:00:01.215469,0.18393561040694337,0.0004809329678236122,,0.7399221812538538,,,,PRUNED
444,0.7399298440446046,2023-07-10 14:38:51.049214,2023-07-10 14:38:52.311924,0 days 00:00:01.262710,0.7772390779587746,0.0001949518764402375,,0.7399298440446046,,,,PRUNED
44,0.7399332531913083,2023-07-10 14:27:08.824393,2023-07-10 14:27:09.962000,0 days 00:00:01.137607,0.3055368471919345,0.0007187518710631406,,0.7424574578227885,0.7399332531913083,,,PRUNED
391,0.7399399863098963,2023-07-10 14:37:34.002379,2023-07-10 14:37:35.262620,0 days 00:00:01.260241,0.4799567269286552,0.00013175346324051246,,0.7399399863098963,,,,PRUNED
410,0.7399486066801526,2023-07-10 14:38:03.493300,2023-07-10 14:38:04.640414,0 days 00:00:01.147114,0.24151780765766834,0.0007099467988575245,,0.7419898393734555,0.7399486066801526,,,PRUNED
194,0.7399752297904754,2023-07-10 14:32:09.125453,2023-07-10 14:32:10.321850,0 days 00:00:01.196397,0.20135875057387742,0.00034478987106236224,,0.7399752297904754,,,,PRUNED
95,0.7399787993534781,2023-07-10 14:28:41.860168,2023-07-10 14:28:43.079792,0 days 00:00:01.219624,0.09925485860838532,0.0006735233035421995,,0.7414171861858266,0.7399787993534781,,,PRUNED
499,0.7399837133006932,2023-07-10 14:40:11.647631,2023-07-10 14:40:13.017669,0 days 00:00:01.370038,0.5062541401315047,0.0007623331083708888,,0.7399837133006932,,,,PRUNED
264,0.7399975855553628,2023-07-10 14:34:12.731058,2023-07-10 14:34:13.959345,0 days 00:00:01.228287,0.2547422905182004,0.0007440560058591031,,0.7399975855553628,,,,PRUNED
224,0.740010833893114,2023-07-10 14:32:57.241265,2023-07-10 14:32:58.433794,0 days 00:00:01.192529,0.16624057371160988,0.00029542474791318074,,0.740010833893114,,,,PRUNED
308,0.7400233785712014,2023-07-10 14:35:25.069946,2023-07-10 14:35:26.287963,0 days 00:00:01.218017,0.6863017436917767,0.00043814494206253796,,0.7400233785712014,,,,PRUNED
307,0.7400244705984215,2023-07-10 14:35:23.847681,2023-07-10 14:35:25.069446,0 days 00:00:01.221765,0.16721624987388495,0.0002943122683139591,,0.7400244705984215,,,,PRUNED
379,0.740025035676277,2023-07-10 14:37:19.094303,2023-07-10 14:37:20.264076,0 days 00:00:01.169773,0.050839193073799555,0.0006734633664111902,,0.7423792397419446,0.740025035676277,,,PRUNED
251,0.7400347213989642,2023-07-10 14:33:49.118417,2023-07-10 14:33:50.457905,0 days 00:00:01.339488,0.4513165421017604,0.00015739448517223682,,0.7400347213989642,,,,PRUNED
240,0.7401018620612433,2023-07-10 14:33:28.484851,2023-07-10 14:33:29.687004,0 days 00:00:01.202153,0.2109919017024049,0.00032141736316879924,,0.7401018620612433,,,,PRUNED
435,0.740130091529114,2023-07-10 14:38:40.263977,2023-07-10 14:38:41.441266,0 days 00:00:01.177289,0.19539491828128794,0.0007571413173582972,,0.740130091529114,,,,PRUNED
285,0.7401440813756339,2023-07-10 14:34:49.971889,2023-07-10 14:34:51.173814,0 days 00:00:01.201925,0.13622870526238226,0.0007164738298366258,,0.742321569342588,0.7401440813756339,,,PRUNED
439,0.740159758872598,2023-07-10 14:38:45.075104,2023-07-10 14:38:46.260307,0 days 00:00:01.185203,0.45365852371376075,0.0002744938657317123,,0.740159758872598,,,,PRUNED
187,0.7401948533580548,2023-07-10 14:31:53.419798,2023-07-10 14:31:54.650178,0 days 00:00:01.230380,0.1774401695787915,0.0003262203556003812,,0.7401948533580548,,,,PRUNED
479,0.7402488590586509,2023-07-10 14:39:44.348473,2023-07-10 14:39:45.490707,0 days 00:00:01.142234,0.7542065494840245,0.00047933103894242865,,0.7402488590586509,,,,PRUNED
41,0.7402816310642764,2023-07-10 14:27:05.473183,2023-07-10 14:27:06.605574,0 days 00:00:01.132391,0.15863703830220338,0.0003310316718966957,,0.7425701198166648,0.7402816310642764,,,PRUNED
445,0.7403024339517272,2023-07-10 14:38:52.311924,2023-07-10 14:38:53.467993,0 days 00:00:01.156069,0.6554933289767663,0.000551261073826633,,0.7423927538771736,0.7403024339517272,,,PRUNED
54,0.7403111944771997,2023-07-10 14:27:27.134583,2023-07-10 14:27:28.260723,0 days 00:00:01.126140,0.056239019814019256,0.0007646204995165632,,0.7422861581961334,0.7403111944771997,,,PRUNED
137,0.7403204318705819,2023-07-10 14:29:59.124499,2023-07-10 14:30:00.336725,0 days 00:00:01.212226,0.13681508015200636,0.000322638553099642,,0.7403204318705819,,,,PRUNED
228,0.7403519479320859,2023-07-10 14:33:05.895219,2023-07-10 14:33:07.134828,0 days 00:00:01.239609,0.8676212857534368,0.0006047771812228388,,0.7416734642159027,0.7403519479320859,,,PRUNED
466,0.7403741938449128,2023-07-10 14:39:21.375099,2023-07-10 14:39:22.670185,0 days 00:00:01.295086,0.8646575934934543,0.00012427765676546425,,0.7403741938449128,,,,PRUNED
295,0.7403744840966026,2023-07-10 14:35:05.580436,2023-07-10 14:35:06.753381,0 days 00:00:01.172945,0.119230488193746,0.00025636534644522986,,0.7403744840966026,,,,PRUNED
330,0.7403905452374431,2023-07-10 14:36:00.214641,2023-07-10 14:36:01.501302,0 days 00:00:01.286661,0.2129982723454691,0.000791430272346608,,0.7403905452374431,,,,PRUNED
113,0.7404248417179407,2023-07-10 14:29:11.395283,2023-07-10 14:29:12.642225,0 days 00:00:01.246942,0.14661175532226514,0.0007768241501408797,,0.7404248417179407,,,,PRUNED
456,0.7405894466857168,2023-07-10 14:39:06.080765,2023-07-10 14:39:07.252167,0 days 00:00:01.171402,0.16845375068424567,0.00028960031460460636,,0.7405894466857168,,,,PRUNED
76,0.7406070023226148,2023-07-10 14:28:03.275806,2023-07-10 14:28:04.461361,0 days 00:00:01.185555,0.1547449358480044,0.0002544025633242135,,0.7406070023226148,,,,PRUNED
336,0.7406186497177739,2023-07-10 14:36:07.718924,2023-07-10 14:36:08.909460,0 days 00:00:01.190536,0.022621962641181298,0.0002441055120743367,,0.7406186497177739,,,,PRUNED
291,0.7407360915988817,2023-07-10 14:35:00.662191,2023-07-10 14:35:01.852584,0 days 00:00:01.190393,0.12635616869375335,0.0008380856495796478,,0.7407360915988817,,,,PRUNED
239,0.7407879695704758,2023-07-10 14:33:27.232683,2023-07-10 14:33:28.484351,0 days 00:00:01.251668,0.24268768220213854,0.00026004578434951506,,0.7407879695704758,,,,PRUNED
471,0.7408123061898036,2023-07-10 14:39:30.927413,2023-07-10 14:39:32.082069,0 days 00:00:01.154656,0.15050803519367115,0.0008480504832175859,,0.7408123061898036,,,,PRUNED
140,0.7408691477599272,2023-07-10 14:30:03.033507,2023-07-10 14:30:04.231875,0 days 00:00:01.198368,0.1642502816773046,0.0002615394252693695,,0.7408691477599272,,,,PRUNED
263,0.7408769850655791,2023-07-10 14:34:11.521573,2023-07-10 14:34:12.730558,0 days 00:00:01.208985,0.16527457059666442,0.00026088869629564774,,0.7408769850655791,,,,PRUNED
209,0.7409444370344642,2023-07-10 14:32:31.535485,2023-07-10 14:32:32.732789,0 days 00:00:01.197304,0.1342269599760309,0.0002750005493448946,,0.7409444370344642,,,,PRUNED
270,0.7409525217008998,2023-07-10 14:34:20.184414,2023-07-10 14:34:21.447376,0 days 00:00:01.262962,0.13571168383786317,0.00021647527053172044,,0.7409525217008998,,,,PRUNED
102,0.7409821915378578,2023-07-10 14:28:53.963312,2023-07-10 14:28:55.167473,0 days 00:00:01.204161,0.1523080194641255,0.00025651727476176753,,0.7409821915378578,,,,PRUNED
70,0.7410254016851875,2023-07-10 14:27:55.757282,2023-07-10 14:27:57.012476,0 days 00:00:01.255194,0.2889784537346163,0.0008960203657174179,,0.7410254016851875,,,,PRUNED
197,0.7410360882404323,2023-07-10 14:32:12.845553,2023-07-10 14:32:14.107755,0 days 00:00:01.262202,0.27749901012065215,0.0002351025038033367,,0.7410360882404323,,,,PRUNED
415,0.7410452955120345,2023-07-10 14:38:09.420726,2023-07-10 14:38:10.593833,0 days 00:00:01.173107,0.2182422305094518,0.0008846381120571567,,0.7410452955120345,,,,PRUNED
13,0.741119452829425,2023-07-10 14:26:16.513596,2023-07-10 14:26:17.750717,0 days 00:00:01.237121,0.02963838722928938,0.0009269509570989726,,0.7414898252402481,0.741119452829425,,,PRUNED
485,0.7412398287349777,2023-07-10 14:39:51.428773,2023-07-10 14:39:52.608901,0 days 00:00:01.180128,0.16451721495503563,0.00022314854139903522,,0.7412398287349777,,,,PRUNED
135,0.7413027418841925,2023-07-10 14:29:53.001250,2023-07-10 14:29:54.238915,0 days 00:00:01.237665,0.1002548506370096,0.00020708201411212229,,0.7413027418841925,,,,PRUNED
199,0.7413102566983572,2023-07-10 14:32:15.370521,2023-07-10 14:32:16.768844,0 days 00:00:01.398323,0.14510512181387844,9.69599177962356e-05,,0.7413102566983572,,,,PRUNED
100,0.7413298429439771,2023-07-10 14:28:51.469707,2023-07-10 14:28:52.719456,0 days 00:00:01.249749,0.23374202260805477,0.0009157680958089836,,0.7413298429439771,,,,PRUNED
351,0.7415417333227041,2023-07-10 14:36:33.611657,2023-07-10 14:36:34.817985,0 days 00:00:01.206328,0.11242901080783337,0.0009349755112993681,,0.7415417333227041,,,,PRUNED
43,0.7417216348224789,2023-07-10 14:27:07.702171,2023-07-10 14:27:08.823893,0 days 00:00:01.121722,0.13960366252143677,0.0010048420635818873,,0.7430057631219776,0.7417216348224789,,,PRUNED
457,0.7418499965910417,2023-07-10 14:39:07.252666,2023-07-10 14:39:08.453410,0 days 00:00:01.200744,0.44404267174806566,0.0002236334856919735,,0.7418499965910417,,,,PRUNED
460,0.7419640863615398,2023-07-10 14:39:10.828026,2023-07-10 14:39:12.009160,0 days 00:00:01.181134,0.9454477797237216,0.00035538210009734497,,0.7419640863615398,,,,PRUNED
309,0.7421570888248792,2023-07-10 14:35:26.288463,2023-07-10 14:35:27.499709,0 days 00:00:01.211246,0.12597223537780441,0.00019699121983451096,,0.7421570888248792,,,,PRUNED
11,0.7421741254740435,2023-07-10 14:26:10.862690,2023-07-10 14:26:11.995800,0 days 00:00:01.133110,0.010687235033624287,0.00020129390549865648,,0.7507548038943972,0.7421741254740435,,,PRUNED
57,0.7423255974496548,2023-07-10 14:27:34.002424,2023-07-10 14:27:35.134217,0 days 00:00:01.131793,0.0017302646496136775,0.00018781216389295315,,0.7423255974496548,,,,PRUNED
319,0.7423624880542203,2023-07-10 14:35:46.137075,2023-07-10 14:35:47.348908,0 days 00:00:01.211833,0.23071158083678805,0.00034413572236121823,,0.7423624880542203,,,,PRUNED
256,0.7424254737266834,2023-07-10 14:33:55.569322,2023-07-10 14:33:56.770489,0 days 00:00:01.201167,0.18277078314207873,0.0006315651534596519,,0.7424254737266834,,,,PRUNED
396,0.7424289513078667,2023-07-10 14:37:40.078861,2023-07-10 14:37:41.207468,0 days 00:00:01.128607,0.12360645901108445,0.0007898882551193649,,0.7424289513078667,,,,PRUNED
220,0.7424304908450368,2023-07-10 14:32:52.072174,2023-07-10 14:32:53.233463,0 days 00:00:01.161289,0.22322076677466118,0.0004422018400783668,,0.7424304908450368,,,,PRUNED
148,0.7424613225925487,2023-07-10 14:30:19.722179,2023-07-10 14:30:20.872699,0 days 00:00:01.150520,0.22318869856488263,0.0006645698840264026,,0.7424613225925487,,,,PRUNED
434,0.7424728973304144,2023-07-10 14:38:39.097732,2023-07-10 14:38:40.263477,0 days 00:00:01.165745,0.250049602657585,0.00043368946596987164,,0.7424728973304144,,,,PRUNED
262,0.7424731207234923,2023-07-10 14:34:10.352646,2023-07-10 14:34:11.521573,0 days 00:00:01.168927,0.21714990485817473,0.000589661398982309,,0.7424731207234923,,,,PRUNED
126,0.7425025782154314,2023-07-10 14:29:38.106301,2023-07-10 14:29:39.189765,0 days 00:00:01.083464,0.19915049157498427,0.0007840599728951178,,0.7425025782154314,,,,PRUNED
162,0.7425234076454775,2023-07-10 14:30:57.554281,2023-07-10 14:30:58.697481,0 days 00:00:01.143200,0.10798678643364669,0.00035441110006852644,,0.7425234076454775,,,,PRUNED
282,0.7425344204452705,2023-07-10 14:34:46.398242,2023-07-10 14:34:47.568955,0 days 00:00:01.170713,0.5377802139316818,0.00040624721827462015,,0.7425344204452705,,,,PRUNED
156,0.7425508788558365,2023-07-10 14:30:43.310605,2023-07-10 14:30:44.448517,0 days 00:00:01.137912,0.13992164363137863,0.0003578375777295878,,0.7425508788558365,,,,PRUNED
171,0.7425580264664334,2023-07-10 14:31:12.101870,2023-07-10 14:31:13.227696,0 days 00:00:01.125826,0.10266622562936918,0.0003773829533011181,,0.7425580264664334,,,,PRUNED
449,0.7425661848966778,2023-07-10 14:38:57.428226,2023-07-10 14:38:58.566410,0 days 00:00:01.138184,0.17986959917992507,0.0006433155886035199,,0.7425661848966778,,,,PRUNED
451,0.7425968471360684,2023-07-10 14:38:59.667560,2023-07-10 14:39:00.842303,0 days 00:00:01.174743,0.0912917425896869,0.0004318202621899713,,0.7425968471360684,,,,PRUNED
406,0.7425992425094066,2023-07-10 14:37:55.424312,2023-07-10 14:37:56.663199,0 days 00:00:01.238887,0.2903790265836171,0.00033224950815442794,,0.7425992425094066,,,,PRUNED
462,0.7426002552468781,2023-07-10 14:39:13.275486,2023-07-10 14:39:14.413808,0 days 00:00:01.138322,0.26528718680730196,0.0006326933894370195,,0.7426002552468781,,,,PRUNED
267,0.7426078531579136,2023-07-10 14:34:16.618265,2023-07-10 14:34:17.781598,0 days 00:00:01.163333,0.34368738303298374,0.000415772623687099,,0.7426078531579136,,,,PRUNED
411,0.7426610445176669,2023-07-10 14:38:04.640913,2023-07-10 14:38:05.760167,0 days 00:00:01.119254,0.25213980943795494,0.000565757905481962,,0.7426610445176669,,,,PRUNED
360,0.742669107404012,2023-07-10 14:36:52.342898,2023-07-10 14:36:53.527223,0 days 00:00:01.184325,0.24650816323268765,0.00036642311789681145,,0.742669107404012,,,,PRUNED
170,0.7426776552324773,2023-07-10 14:31:10.887703,2023-07-10 14:31:12.101870,0 days 00:00:01.214167,0.20084614367307468,0.00018860060389156268,,0.7426776552324773,,,,PRUNED
401,0.7426793458089045,2023-07-10 14:37:49.340258,2023-07-10 14:37:50.474368,0 days 00:00:01.134110,0.23057455594022624,0.0006056844753718316,,0.7426793458089045,,,,PRUNED
374,0.7426892295435066,2023-07-10 14:37:13.006077,2023-07-10 14:37:14.142270,0 days 00:00:01.136193,0.0930523621609652,0.00030526788116647357,,0.7426892295435066,,,,PRUNED
120,0.7427240635740551,2023-07-10 14:29:24.106273,2023-07-10 14:29:25.214623,0 days 00:00:01.108350,0.10645908879185029,0.00044429824815383476,,0.7427240635740551,,,,PRUNED
130,0.7427630664835602,2023-07-10 14:29:42.728600,2023-07-10 14:29:43.868244,0 days 00:00:01.139644,0.15300900352072702,0.0003183476526773426,,0.7427630664835602,,,,PRUNED
433,0.7428269791915746,2023-07-10 14:38:37.947035,2023-07-10 14:38:39.097232,0 days 00:00:01.150197,0.37456022782240406,0.0005684791282782939,,0.7428269791915746,,,,PRUNED
157,0.7428410085353423,2023-07-10 14:30:44.449016,2023-07-10 14:30:45.610316,0 days 00:00:01.161300,0.21309426135474943,0.0005838646583660311,,0.7428410085353423,,,,PRUNED
407,0.7428418073200512,2023-07-10 14:37:56.663699,2023-07-10 14:37:57.786128,0 days 00:00:01.122429,0.8167460804025429,0.0005091975622953448,,0.7428418073200512,,,,PRUNED
191,0.74284288473642,2023-07-10 14:32:01.910292,2023-07-10 14:32:03.099536,0 days 00:00:01.189244,0.1642935558413745,0.00041126579565554174,,0.74284288473642,,,,PRUNED
413,0.7428564818216259,2023-07-10 14:38:07.045307,2023-07-10 14:38:08.154864,0 days 00:00:01.109557,0.41781376591625263,0.0003985228103958177,,0.7428564818216259,,,,PRUNED
147,0.7428658747489354,2023-07-10 14:30:18.573132,2023-07-10 14:30:19.721679,0 days 00:00:01.148547,0.19334670726025363,0.000795546564631034,,0.7428658747489354,,,,PRUNED
210,0.742877294352064,2023-07-10 14:32:32.733289,2023-07-10 14:32:33.903439,0 days 00:00:01.170150,0.1965811196348975,0.0007111963995298661,,0.742877294352064,,,,PRUNED
402,0.7428892977110461,2023-07-10 14:37:50.474869,2023-07-10 14:37:51.668174,0 days 00:00:01.193305,0.22389190196798053,0.000501434291747697,,0.7428892977110461,,,,PRUNED
312,0.7428895830514513,2023-07-10 14:35:29.929087,2023-07-10 14:35:31.220051,0 days 00:00:01.290964,0.19661606043179947,0.0006189846455100019,,0.7428895830514513,,,,PRUNED
143,0.7429019506616908,2023-07-10 14:30:10.284528,2023-07-10 14:30:11.434851,0 days 00:00:01.150323,0.13319461961573797,0.0009879997846619823,,0.7429019506616908,,,,PRUNED
469,0.7429039231557778,2023-07-10 14:39:28.643659,2023-07-10 14:39:29.813776,0 days 00:00:01.170117,0.4006296324684304,0.00017665233627689374,,0.7429039231557778,,,,PRUNED
230,0.7429081293289779,2023-07-10 14:33:08.294988,2023-07-10 14:33:09.501278,0 days 00:00:01.206290,0.1571504017491605,0.00020587848878643637,,0.7429081293289779,,,,PRUNED
72,0.742937133484791,2023-07-10 14:27:58.343208,2023-07-10 14:27:59.547366,0 days 00:00:01.204158,0.07609314144382351,0.0004914187215734747,,0.742937133484791,,,,PRUNED
358,0.7429507868041714,2023-07-10 14:36:49.806113,2023-07-10 14:36:51.070488,0 days 00:00:01.264375,0.18704359853467614,0.0003219199324125174,,0.7429507868041714,,,,PRUNED
50,0.7429640419155171,2023-07-10 14:27:19.133549,2023-07-10 14:27:20.295469,0 days 00:00:01.161920,0.039798905870676554,0.0011131178839184452,,0.7429640419155171,,,,PRUNED
59,0.7429774132238085,2023-07-10 14:27:36.263412,2023-07-10 14:27:37.353007,0 days 00:00:01.089595,0.19727983886205694,0.000893654349227664,,0.7429774132238085,,,,PRUNED
254,0.7429776027994434,2023-07-10 14:33:53.041926,2023-07-10 14:33:54.282944,0 days 00:00:01.241018,0.2663539292581961,0.0009393274195007464,,0.7429776027994434,,,,PRUNED
202,0.7429953812579346,2023-07-10 14:32:22.873026,2023-07-10 14:32:24.029897,0 days 00:00:01.156871,0.13423331901287824,0.00035628022836313916,,0.7429953812579346,,,,PRUNED
286,0.7430195241875837,2023-07-10 14:34:51.174314,2023-07-10 14:34:52.316061,0 days 00:00:01.141747,0.17124692795198582,0.0003320019319115182,,0.7430195241875837,,,,PRUNED
341,0.7430512625082651,2023-07-10 14:36:14.195500,2023-07-10 14:36:15.325816,0 days 00:00:01.130316,0.4274487936948257,0.0004282782671457707,,0.7430512625082651,,,,PRUNED
366,0.7430721529010951,2023-07-10 14:37:03.326503,2023-07-10 14:37:04.536246,0 days 00:00:01.209743,0.36474545422481575,0.000421561703382324,,0.7430721529010951,,,,PRUNED
229,0.743082094526322,2023-07-10 14:33:07.135327,2023-07-10 14:33:08.294488,0 days 00:00:01.159161,0.12532907084717868,0.00033772614847448954,,0.743082094526322,,,,PRUNED
283,0.7430925547247319,2023-07-10 14:34:47.569455,2023-07-10 14:34:48.698474,0 days 00:00:01.129019,0.1911803595414056,0.001052436105760485,,0.7430925547247319,,,,PRUNED
98,0.7430935284719113,2023-07-10 14:28:49.144430,2023-07-10 14:28:50.293570,0 days 00:00:01.149140,0.11545012483608574,0.0004514040129121188,,0.7430935284719113,,,,PRUNED
85,0.7431769042468369,2023-07-10 14:28:21.984852,2023-07-10 14:28:23.356346,0 days 00:00:01.371494,0.07792309820478513,0.0011098668943237077,,0.7431769042468369,,,,PRUNED
333,0.7432135751615286,2023-07-10 14:36:04.132201,2023-07-10 14:36:05.249518,0 days 00:00:01.117317,0.44766342301786616,0.00037551871825108164,,0.7432135751615286,,,,PRUNED
18,0.7432220852334056,2023-07-10 14:26:25.613523,2023-07-10 14:26:26.863451,0 days 00:00:01.249928,0.14209175226607537,7.786310259288378e-05,,0.7432220852334056,,,,PRUNED
246,0.7432566315720655,2023-07-10 14:33:39.407721,2023-07-10 14:33:40.596567,0 days 00:00:01.188846,0.31299527188368753,0.0004184542301303179,,0.7432566315720655,,,,PRUNED
75,0.7432604495586999,2023-07-10 14:28:02.045661,2023-07-10 14:28:03.275305,0 days 00:00:01.229644,0.19078364103976173,0.0005658084665014324,,0.7432604495586999,,,,PRUNED
334,0.7432822255899496,2023-07-10 14:36:05.250018,2023-07-10 14:36:06.384401,0 days 00:00:01.134383,0.2524259712765995,0.00030838686342418784,,0.7432822255899496,,,,PRUNED
287,0.7433095782198615,2023-07-10 14:34:52.316561,2023-07-10 14:34:53.482690,0 days 00:00:01.166129,0.10956752328329387,0.00044141180854898943,,0.7433095782198615,,,,PRUNED
362,0.7433211919931411,2023-07-10 14:36:54.742855,2023-07-10 14:36:55.875992,0 days 00:00:01.133137,0.17861143352992023,0.0006734324982684965,,0.7433211919931411,,,,PRUNED
346,0.743341384787858,2023-07-10 14:36:23.760961,2023-07-10 14:36:25.014833,0 days 00:00:01.253872,0.1181453092970193,0.00018214362140928837,,0.743341384787858,,,,PRUNED
290,0.7433546478601535,2023-07-10 14:34:59.535488,2023-07-10 14:35:00.661688,0 days 00:00:01.126200,0.15106279152846203,0.0005937632895766698,,0.7433546478601535,,,,PRUNED
243,0.7433770679499047,2023-07-10 14:33:32.249688,2023-07-10 14:33:33.394358,0 days 00:00:01.144670,0.23290166389437728,0.00033498157741400814,,0.7433770679499047,,,,PRUNED
217,0.7433835156011068,2023-07-10 14:32:48.374912,2023-07-10 14:32:49.557645,0 days 00:00:01.182733,0.12220965372116846,0.00031414603154112384,,0.7433835156011068,,,,PRUNED
480,0.7433841667103444,2023-07-10 14:39:45.491208,2023-07-10 14:39:46.646536,0 days 00:00:01.155328,0.12040067296016937,0.0003653169077339468,,0.7433841667103444,,,,PRUNED
318,0.7433890717640206,2023-07-10 14:35:44.863709,2023-07-10 14:35:46.136575,0 days 00:00:01.272866,0.2082592530923814,0.00030121542624606657,,0.7433890717640206,,,,PRUNED
280,0.7434177245355976,2023-07-10 14:34:44.033633,2023-07-10 14:34:45.233811,0 days 00:00:01.200178,0.12158909962541051,0.00018101864386300563,,0.7434177245355976,,,,PRUNED
381,0.743439049603782,2023-07-10 14:37:21.429044,2023-07-10 14:37:22.676854,0 days 00:00:01.247810,0.14492737437821898,0.000180237625134756,,0.743439049603782,,,,PRUNED
300,0.7434623649127803,2023-07-10 14:35:11.818799,2023-07-10 14:35:12.999581,0 days 00:00:01.180782,0.048218369232391575,0.0003041107034541366,,0.7434623649127803,,,,PRUNED
497,0.7434823585344764,2023-07-10 14:40:09.309640,2023-07-10 14:40:10.434509,0 days 00:00:01.124869,0.10502106473499313,0.0003239157055593628,,0.7434823585344764,,,,PRUNED
207,0.7435886756737571,2023-07-10 14:32:29.034817,2023-07-10 14:32:30.196319,0 days 00:00:01.161502,0.17973898852628767,0.00038481454398083605,,0.7435886756737571,,,,PRUNED
412,0.7436605943790148,2023-07-10 14:38:05.760667,2023-07-10 14:38:07.044808,0 days 00:00:01.284141,0.5341265947878319,6.462854865798587e-05,,0.7436605943790148,,,,PRUNED
494,0.7436772640760474,2023-07-10 14:40:05.490929,2023-07-10 14:40:06.614660,0 days 00:00:01.123731,0.18647905015638508,0.0002601552081404956,,0.7436772640760474,,,,PRUNED
481,0.7437021197196921,2023-07-10 14:39:46.647036,2023-07-10 14:39:47.768163,0 days 00:00:01.121127,0.14841459153934922,0.0010927561468975582,,0.7437021197196921,,,,PRUNED
46,0.7437194264303781,2023-07-10 14:27:14.550702,2023-07-10 14:27:15.676565,0 days 00:00:01.125863,0.2525968398679921,0.00015468803993623365,,0.7437194264303781,,,,PRUNED
233,0.7437346364314529,2023-07-10 14:33:15.892157,2023-07-10 14:33:17.110383,0 days 00:00:01.218226,0.09378409757535644,0.00028546020924770577,,0.7437346364314529,,,,PRUNED
247,0.7437597730064046,2023-07-10 14:33:40.597067,2023-07-10 14:33:41.759808,0 days 00:00:01.162741,0.1574461475882418,0.00030277210871332077,,0.7437597730064046,,,,PRUNED
404,0.7437967164446109,2023-07-10 14:37:52.894168,2023-07-10 14:37:54.093350,0 days 00:00:01.199182,0.24746053477819346,0.0004343942596670597,,0.7437967164446109,,,,PRUNED
437,0.7438420295674998,2023-07-10 14:38:42.627847,2023-07-10 14:38:43.777232,0 days 00:00:01.149385,0.3858654088279866,0.0010160779171281664,,0.7438420295674998,,,,PRUNED
349,0.7438521115040173,2023-07-10 14:36:31.296588,2023-07-10 14:36:32.411664,0 days 00:00:01.115076,0.16770200997791346,0.00038169420357923596,,0.7438521115040173,,,,PRUNED
90,0.743887359106168,2023-07-10 14:28:31.900585,2023-07-10 14:28:33.077408,0 days 00:00:01.176823,0.2744080630150274,0.00041492662609551943,,0.743887359106168,,,,PRUNED
443,0.7438970794737394,2023-07-10 14:38:49.887597,2023-07-10 14:38:51.048715,0 days 00:00:01.161118,0.2989519219103162,0.00031721846511671557,,0.7438970794737394,,,,PRUNED
81,0.7440235569221082,2023-07-10 14:28:13.095842,2023-07-10 14:28:14.295373,0 days 00:00:01.199531,0.16304216267506852,0.00030735954725234294,,0.7440235569221082,,,,PRUNED
61,0.7440531232535578,2023-07-10 14:27:38.449010,2023-07-10 14:27:39.556257,0 days 00:00:01.107247,0.18141354111602429,0.0002784079637564983,,0.7440531232535578,,,,PRUNED
373,0.744079911194531,2023-07-10 14:37:11.854379,2023-07-10 14:37:13.005577,0 days 00:00:01.151198,0.1355260619137518,0.00025638436858280974,,0.744079911194531,,,,PRUNED
89,0.7440974918943136,2023-07-10 14:28:30.670224,2023-07-10 14:28:31.900585,0 days 00:00:01.230361,0.21554132677304216,0.00015876175325292178,,0.7440974918943136,,,,PRUNED
380,0.7441580771121561,2023-07-10 14:37:20.264575,2023-07-10 14:37:21.428542,0 days 00:00:01.163967,0.2842372131843279,0.0003457656407611342,,0.7441580771121561,,,,PRUNED
395,0.744180887776057,2023-07-10 14:37:38.958949,2023-07-10 14:37:40.078360,0 days 00:00:01.119411,0.02876287414344597,0.00027933035103739766,,0.744180887776057,,,,PRUNED
159,0.7442252530669679,2023-07-10 14:30:50.602203,2023-07-10 14:30:51.780859,0 days 00:00:01.178656,0.24053410388502203,0.0012104160655276386,,0.7442252530669679,,,,PRUNED
110,0.7442327646293787,2023-07-10 14:29:07.600268,2023-07-10 14:29:08.828566,0 days 00:00:01.228298,0.24743714931039396,0.00027829951723924213,,0.7442327646293787,,,,PRUNED
185,0.744261991208301,2023-07-10 14:31:47.375641,2023-07-10 14:31:48.526901,0 days 00:00:01.151260,0.12498336241078652,0.0002938912875002581,,0.744261991208301,,,,PRUNED
196,0.744289509048929,2023-07-10 14:32:11.669349,2023-07-10 14:32:12.845054,0 days 00:00:01.175705,0.19078409091344437,0.0002867628796884362,,0.744289509048929,,,,PRUNED
474,0.7443701601053234,2023-07-10 14:39:34.467442,2023-07-10 14:39:35.630141,0 days 00:00:01.162699,0.11044301045568335,0.0002496729888077533,,0.7443701601053234,,,,PRUNED
53,0.7443862388838803,2023-07-10 14:27:26.030238,2023-07-10 14:27:27.134083,0 days 00:00:01.103845,0.12785480864910245,0.0002730566751485933,,0.7443862388838803,,,,PRUNED
419,0.7443900703624989,2023-07-10 14:38:14.074736,2023-07-10 14:38:15.184882,0 days 00:00:01.110146,0.1383056832402019,0.00024203091965251352,,0.7443900703624989,,,,PRUNED
398,0.7444338519271445,2023-07-10 14:37:42.352328,2023-07-10 14:37:43.556920,0 days 00:00:01.204592,0.2682604217628158,0.001217348480893958,,0.7444338519271445,,,,PRUNED
427,0.7444856496262102,2023-07-10 14:38:27.319554,2023-07-10 14:38:28.480511,0 days 00:00:01.160957,0.3007375288416367,0.0003015199556871276,,0.7444856496262102,,,,PRUNED
350,0.7444926786269727,2023-07-10 14:36:32.411664,2023-07-10 14:36:33.611657,0 days 00:00:01.199993,0.210773217381346,0.00027519015591233916,,0.7444926786269727,,,,PRUNED
313,0.7444973928697584,2023-07-10 14:35:31.220549,2023-07-10 14:35:32.417003,0 days 00:00:01.196454,0.35094396752281803,0.00024716444040001736,,0.7444973928697584,,,,PRUNED
40,0.744597184389335,2023-07-10 14:27:04.365311,2023-07-10 14:27:05.472683,0 days 00:00:01.107372,0.2522131296488905,0.0003191626707223745,,0.744597184389335,,,,PRUNED
164,0.7446332650808635,2023-07-10 14:30:59.870092,2023-07-10 14:31:01.041900,0 days 00:00:01.171808,0.3113277455301181,0.00039963788929774275,,0.7446332650808635,,,,PRUNED
355,0.7446640750108962,2023-07-10 14:36:42.560749,2023-07-10 14:36:43.680266,0 days 00:00:01.119517,0.3196456004098115,0.0010876382369372714,,0.7446640750108962,,,,PRUNED
489,0.7446659265537677,2023-07-10 14:39:56.209581,2023-07-10 14:39:57.347338,0 days 00:00:01.137757,0.13582842938706136,0.0012222263308769052,,0.7446659265537677,,,,PRUNED
190,0.7448288447921884,2023-07-10 14:32:00.722635,2023-07-10 14:32:01.910292,0 days 00:00:01.187657,0.23613099934395568,0.00026421037362980143,,0.7448288447921884,,,,PRUNED
154,0.7448487951072544,2023-07-10 14:30:33.857628,2023-07-10 14:30:38.622736,0 days 00:00:04.765108,0.1329563250012299,0.00037092314865844786,16.0,0.7395696543226267,0.7375853027791469,,,COMPLETE
420,0.7448573192556504,2023-07-10 14:38:15.185380,2023-07-10 14:38:19.979712,0 days 00:00:04.794332,0.223726616704451,0.00037637091757205897,16.0,0.7393200874380096,0.7376307032638845,,,COMPLETE
188,0.7448645696023424,2023-07-10 14:31:54.650678,2023-07-10 14:31:59.412336,0 days 00:00:04.761658,0.2524387437490972,0.000438166507561852,14.0,0.7388406149898931,0.7376093180603464,,,COMPLETE
62,0.7448716146240594,2023-07-10 14:27:39.556757,2023-07-10 14:27:44.056442,0 days 00:00:04.499685,0.1167613765549151,0.0003922208062227932,13.0,0.7418212376431383,0.73888361666529,0.7375884153772215,,COMPLETE
244,0.74487367850878,2023-07-10 14:33:33.394855,2023-07-10 14:33:38.209311,0 days 00:00:04.814456,0.12907379092198354,0.0003868019952723684,13.0,0.742142740114417,0.7388284293302175,0.7375668443322079,,COMPLETE
145,0.7448806521805865,2023-07-10 14:30:12.749315,2023-07-10 14:30:17.392101,0 days 00:00:04.642786,0.14506779648695048,0.00039764931132202965,14.0,0.7420824878207164,0.7387778295205755,0.7374778443753417,,COMPLETE
289,0.744884510464273,2023-07-10 14:34:54.801793,2023-07-10 14:34:59.534987,0 days 00:00:04.733194,0.14934232741308345,0.0003660006294386144,16.0,0.7421286690948661,0.738835466017567,0.73757213778682,,COMPLETE
192,0.7448865117086764,2023-07-10 14:32:03.100036,2023-07-10 14:32:07.929805,0 days 00:00:04.829769,0.1983406061540743,0.00035623236465094567,19.0,0.7394640753705765,0.7375102261998302,,,COMPLETE
345,0.744888445893589,2023-07-10 14:36:18.892722,2023-07-10 14:36:23.760461,0 days 00:00:04.867739,0.2085001780389004,0.0003823632033638028,16.0,0.7375405843536456,,,,COMPLETE
302,0.7448904579638248,2023-07-10 14:35:14.182316,2023-07-10 14:35:18.980706,0 days 00:00:04.798390,0.17742161776764315,0.0004411350062014541,12.0,0.7391816669001048,0.7376122809582106,,,COMPLETE
468,0.7448962271800204,2023-07-10 14:39:23.858076,2023-07-10 14:39:28.643159,0 days 00:00:04.785083,0.13872288427074914,0.0003789659196469399,16.0,0.7390281593753145,0.7375969382812176,,,COMPLETE
87,0.7448987243878791,2023-07-10 14:28:24.512246,2023-07-10 14:28:29.302671,0 days 00:00:04.790425,0.14278224069127146,0.000353899820232511,22.0,0.7392469748311079,0.7376729128354182,,,COMPLETE
493,0.7448998122429041,2023-07-10 14:40:00.919754,2023-07-10 14:40:05.490428,0 days 00:00:04.570674,0.21030183682282236,0.0004161165267557427,13.0,0.741196120883147,0.7387907372953816,0.73756466660476,,COMPLETE
152,0.7449025303816805,2023-07-10 14:30:24.633204,2023-07-10 14:30:29.292293,0 days 00:00:04.659089,0.1395016274203554,0.0004095798348482143,14.0,0.7390049142129314,0.7374945591459229,,,COMPLETE
55,0.7449038443850645,2023-07-10 14:27:28.260723,2023-07-10 14:27:32.751302,0 days 00:00:04.490579,0.18523598081943243,0.00037947584825414444,16.0,0.7416155007275892,0.7390993104414485,0.7376268753189741,,COMPLETE
20,0.7449055169101714,2023-07-10 14:26:27.967548,2023-07-10 14:26:32.356923,0 days 00:00:04.389375,0.23689059312555164,0.00042993777572483016,12.0,0.7426661547032788,0.7392081722694885,0.7376920721025002,,COMPLETE
357,0.7449066959923476,2023-07-10 14:36:45.003498,2023-07-10 14:36:49.805612,0 days 00:00:04.802114,0.18557598608156742,0.0004161076987142708,12.0,0.7390256508480515,0.7376211039607851,,,COMPLETE
201,0.7449076487810521,2023-07-10 14:32:18.019571,2023-07-10 14:32:22.872526,0 days 00:00:04.852955,0.12877918208729974,0.00039310124064263795,13.0,0.7415304933608197,0.7388881969145781,0.7375100337826834,,COMPLETE
400,0.74490820328701,2023-07-10 14:37:44.731552,2023-07-10 14:37:49.339258,0 days 00:00:04.607706,0.2343498421246724,0.0004101630006620582,13.0,0.7393118155589159,0.737658814686106,,,COMPLETE
168,0.7449123133846327,2023-07-10 14:31:04.964893,2023-07-10 14:31:09.626545,0 days 00:00:04.661652,0.17490365113081943,0.0003807770356932854,16.0,0.7376408734174594,,,,COMPLETE
31,0.7449194118722527,2023-07-10 14:26:47.025270,2023-07-10 14:26:51.667267,0 days 00:00:04.641997,0.13284256315268517,0.00034512254561414014,17.0,0.737575749542102,,,,COMPLETE
155,0.7449205664284898,2023-07-10 14:30:38.623236,2023-07-10 14:30:43.310104,0 days 00:00:04.686868,0.132520386612874,0.00037380186151359136,15.0,0.7417160653788314,0.7390127580144705,0.7376451771448693,,COMPLETE
63,0.7449224551421385,2023-07-10 14:27:44.056942,2023-07-10 14:27:48.602914,0 days 00:00:04.545972,0.11186919745744667,0.00037974159814901427,14.0,0.7424817389280822,0.738727938272018,0.7376090353868946,,COMPLETE
186,0.7449284069979116,2023-07-10 14:31:48.527401,2023-07-10 14:31:53.419298,0 days 00:00:04.891897,0.16624897873733338,0.00034378522961996566,21.0,0.7391843148073978,0.7374847510181193,,,COMPLETE
314,0.7449285965508848,2023-07-10 14:35:32.417504,2023-07-10 14:35:37.383256,0 days 00:00:04.965752,0.17799154224854433,0.00036117021298808443,20.0,0.7390911160506405,0.7376474905424617,,,COMPLETE
409,0.7449296667901124,2023-07-10 14:37:58.968283,2023-07-10 14:38:03.492299,0 days 00:00:04.524016,0.2217130434022219,0.0003975570731779741,16.0,0.7376282762943454,,,,COMPLETE
28,0.7449311889174025,2023-07-10 14:26:40.281692,2023-07-10 14:26:44.763698,0 days 00:00:04.482006,0.2026071611899256,0.00038969075792514343,14.0,0.7390782454186048,0.7377017323432117,,,COMPLETE
180,0.7449315377611093,2023-07-10 14:31:33.884727,2023-07-10 14:31:38.879173,0 days 00:00:04.994446,0.13763324105805236,0.0003683275473065529,13.0,0.7393180734871748,0.7376719737681349,,,COMPLETE
317,0.7449334344951662,2023-07-10 14:35:39.776854,2023-07-10 14:35:44.863208,0 days 00:00:05.086354,0.20192067741276548,0.0003403295956529038,20.0,0.7375640572464691,,,,COMPLETE
136,0.744939174426703,2023-07-10 14:29:54.238915,2023-07-10 14:29:59.123999,0 days 00:00:04.885084,0.13298115072514757,0.00034148708365640246,18.0,0.737527424674233,,,,COMPLETE
15,0.7449433957803479,2023-07-10 14:26:18.946320,2023-07-10 14:26:23.287787,0 days 00:00:04.341467,0.17007160846841962,0.0004472878574610146,15.0,0.7423359212196878,0.7391365444071559,0.737752318954441,,COMPLETE
125,0.7449511359609454,2023-07-10 14:29:33.707136,2023-07-10 14:29:38.105801,0 days 00:00:04.398665,0.20281256981488976,0.0004393094414995637,15.0,0.7376687302105521,,,,COMPLETE
464,0.7449570361077628,2023-07-10 14:39:15.630566,2023-07-10 14:39:20.222964,0 days 00:00:04.592398,0.20127338371373535,0.0004302501242485497,11.0,0.7387636682301196,0.7376055163674515,,,COMPLETE
211,0.7449605408715074,2023-07-10 14:32:33.903939,2023-07-10 14:32:38.748350,0 days 00:00:04.844411,0.10409356819000806,0.0004009994147536351,13.0,0.7388426613736307,0.7376500123556949,,,COMPLETE
432,0.7449702430681021,2023-07-10 14:38:33.218898,2023-07-10 14:38:37.947035,0 days 00:00:04.728137,0.1764930176215995,0.0003270034056996472,22.0,0.7376536456290953,,,,COMPLETE
175,0.7449725439031921,2023-07-10 14:31:20.798384,2023-07-10 14:31:25.410117,0 days 00:00:04.611733,0.1250394038551104,0.0004041679185065081,12.0,0.7422348156295134,0.7387369262407609,0.7375056639987052,,COMPLETE
257,0.7449733664821464,2023-07-10 14:33:56.770988,2023-07-10 14:34:01.492409,0 days 00:00:04.721421,0.14550384993566703,0.00042914805007314964,12.0,0.7389528381883412,0.7376295213084172,,,COMPLETE
237,0.7449761317144133,2023-07-10 14:33:20.878048,2023-07-10 14:33:25.895015,0 days 00:00:05.016967,0.2656793942636682,0.00033087184140626226,20.0,0.7375955398717564,,,,COMPLETE
161,0.7449794017204335,2023-07-10 14:30:52.978347,2023-07-10 14:30:57.553779,0 days 00:00:04.575432,0.10514470268785807,0.00039189302329988083,14.0,0.7375636293443111,,,,COMPLETE
51,0.7449802723282429,2023-07-10 14:27:20.295970,2023-07-10 14:27:24.786009,0 days 00:00:04.490039,0.0618924723346434,0.00037267519560207495,14.0,0.7389751116419816,0.737487377863267,,,COMPLETE
226,0.7449891589109593,2023-07-10 14:32:59.763971,2023-07-10 14:33:04.559857,0 days 00:00:04.795886,0.10558280124461424,0.00038540975784171844,14.0,0.7415783884335154,0.7388848875574647,0.7376251836245621,,COMPLETE
278,0.7449973671470299,2023-07-10 14:34:34.206987,2023-07-10 14:34:39.148418,0 days 00:00:04.941431,0.09657539929539881,0.00033369629154255954,25.0,0.7391544923557626,0.7376436075572589,,,COMPLETE
275,0.7450009952873201,2023-07-10 14:34:26.542925,2023-07-10 14:34:31.555219,0 days 00:00:05.012294,0.07824420044944377,0.00038627680903275145,16.0,0.7376129998522339,,,,COMPLETE
348,0.7450014169311562,2023-07-10 14:36:26.236394,2023-07-10 14:36:31.296088,0 days 00:00:05.059694,0.1428620610706492,0.0003316849230146802,22.0,0.7388341936007344,0.7376272044356933,,,COMPLETE
182,0.7450042178974309,2023-07-10 14:31:40.220122,2023-07-10 14:31:44.884455,0 days 00:00:04.664333,0.1127628176640826,0.00041419096220471244,14.0,0.7375998095963061,,,,COMPLETE
131,0.7450050314380526,2023-07-10 14:29:43.868744,2023-07-10 14:29:48.744119,0 days 00:00:04.875375,0.10575767672539974,0.00040620520288247913,13.0,0.7376015120035763,,,,COMPLETE
232,0.7450067803773224,2023-07-10 14:33:10.911256,2023-07-10 14:33:15.891656,0 days 00:00:04.980400,0.060271085924393175,0.00037972870614597223,14.0,0.7389129719388957,0.7375842208036403,,,COMPLETE
7,0.74501456942171,2023-07-10 14:26:02.880284,2023-07-10 14:26:04.004378,0 days 00:00:01.124094,0.6479336825924904,0.0011199517322610251,,0.74501456942171,,,,PRUNED
141,0.7450187042891554,2023-07-10 14:30:04.232375,2023-07-10 14:30:08.965197,0 days 00:00:04.732822,0.07178645626890831,0.00042712707890075666,12.0,0.7415729734702419,0.7389161006782802,0.7376742214444292,,COMPLETE
82,0.7450225238022883,2023-07-10 14:28:14.295872,2023-07-10 14:28:19.418509,0 days 00:00:05.122637,0.11803844212862447,0.00032620643213869066,22.0,0.7399694919180985,0.737649892651699,,,COMPLETE
173,0.7450227284413788,2023-07-10 14:31:14.637819,2023-07-10 14:31:19.598383,0 days 00:00:04.960564,0.17438541315922437,0.0003374138703568133,21.0,0.7395936690476997,0.7376099313935246,,,COMPLETE
32,0.7450257724220006,2023-07-10 14:26:51.667767,2023-07-10 14:26:56.267744,0 days 00:00:04.599977,0.1642461481097076,0.00031447912764925276,19.0,0.737497410620347,,,,COMPLETE
153,0.7450276041570647,2023-07-10 14:30:29.292793,2023-07-10 14:30:33.856587,0 days 00:00:04.563794,0.09328366794363788,0.0004324468424059652,13.0,0.7411616978823621,0.7389160843468795,0.7376692862325813,,COMPLETE
212,0.745030196253941,2023-07-10 14:32:38.749349,2023-07-10 14:32:43.422358,0 days 00:00:04.673009,0.08778008832465413,0.0004160029035719208,12.0,0.7418185812685953,0.7388058786799034,0.7375944549014319,,COMPLETE
107,0.7450321705703623,2023-07-10 14:29:00.203691,2023-07-10 14:29:04.973745,0 days 00:00:04.770054,0.037830491527110176,0.00040972417802920036,15.0,0.7420327086229709,0.7387935647427857,0.7376376207007906,,COMPLETE
77,0.7450322460906703,2023-07-10 14:28:04.461865,2023-07-10 14:28:09.195264,0 days 00:00:04.733399,0.024278684056112818,0.0003864338679742449,15.0,0.741400882472877,0.7388050258406654,0.7376519742408536,,COMPLETE
259,0.7450340644886837,2023-07-10 14:34:02.820579,2023-07-10 14:34:07.908454,0 days 00:00:05.087875,0.15138873779530976,0.00030387467895333305,21.0,0.7375355791364563,,,,COMPLETE
122,0.7450375118777345,2023-07-10 14:29:26.370766,2023-07-10 14:29:31.154407,0 days 00:00:04.783641,0.08366601468177165,0.0003074382712407977,26.0,0.7375525809440779,,,,COMPLETE
478,0.7450405074973722,2023-07-10 14:39:39.385850,2023-07-10 14:39:44.347974,0 days 00:00:04.962124,0.16403960351752667,0.0003192345442572958,22.0,0.7376505919974071,,,,COMPLETE
321,0.7450551668060302,2023-07-10 14:35:48.651312,2023-07-10 14:35:49.847579,0 days 00:00:01.196267,0.1691523857935956,0.0002447097710198176,,0.7450551668060302,,,,PRUNED
45,0.7450666208630881,2023-07-10 14:27:09.962499,2023-07-10 14:27:14.550201,0 days 00:00:04.587702,0.06155316000844119,0.0003187264989177046,16.0,0.7375230671486263,,,,COMPLETE
12,0.7450735790534733,2023-07-10 14:26:11.996300,2023-07-10 14:26:16.513095,0 days 00:00:04.516795,0.04462548912707598,0.0004444584044302994,20.0,0.737786991440198,,,,COMPLETE
176,0.7450776068082061,2023-07-10 14:31:25.410617,2023-07-10 14:31:30.318760,0 days 00:00:04.908143,0.12891468805371994,0.00029574814722435145,22.0,0.7375980781584393,,,,COMPLETE
118,0.7451034961940168,2023-07-10 14:29:17.738976,2023-07-10 14:29:22.832644,0 days 00:00:05.093668,0.17065732702954223,0.00028337357181593543,26.0,0.7375544156607378,,,,COMPLETE
158,0.745126574958514,2023-07-10 14:30:45.610816,2023-07-10 14:30:50.601203,0 days 00:00:04.990387,0.17841790535441793,0.00028196725185574166,27.0,0.7375260065577448,,,,COMPLETE
97,0.74513116743922,2023-07-10 14:28:44.253146,2023-07-10 14:28:49.143930,0 days 00:00:04.890784,0.01850331897586207,0.00031124975846704973,25.0,0.7399748660508546,0.7376671857021009,,,COMPLETE
467,0.7451562971615412,2023-07-10 14:39:22.670684,2023-07-10 14:39:23.857578,0 days 00:00:01.186894,0.1755669247937982,0.00029389409039496696,,0.7451562971615412,,,,PRUNED
250,0.7451681743222148,2023-07-10 14:33:44.184927,2023-07-10 14:33:49.117416,0 days 00:00:04.932489,0.11447570036457629,0.0002764582512050007,26.0,0.7374228941141151,,,,COMPLETE
450,0.7451723599371644,2023-07-10 14:38:58.566913,2023-07-10 14:38:59.667060,0 days 00:00:01.100147,0.06182984641540501,0.0002623872214352116,,0.7451723599371644,,,,PRUNED
364,0.7451888153879372,2023-07-10 14:36:57.284183,2023-07-10 14:37:02.123774,0 days 00:00:04.839591,0.2658303112180877,0.00027879101078053664,20.0,0.737418983591671,,,,COMPLETE
10,0.7452006595678586,2023-07-10 14:26:06.213362,2023-07-10 14:26:10.862190,0 days 00:00:04.648828,0.03211576892149981,0.0002762273427785477,24.0,0.7441280564938708,0.7405841803797458,0.7378220016969488,,COMPLETE
27,0.7452186704520875,2023-07-10 14:26:39.154030,2023-07-10 14:26:40.281193,0 days 00:00:01.127163,0.0028050454286382698,0.00014177639755906852,,0.7452186704520875,,,,PRUNED
418,0.7452578551327751,2023-07-10 14:38:12.968932,2023-07-10 14:38:14.074236,0 days 00:00:01.105304,0.10844321956192698,0.0002880328869236813,,0.7452578551327751,,,,PRUNED
37,0.7452625344933189,2023-07-10 14:27:00.834721,2023-07-10 14:27:02.120097,0 days 00:00:01.285376,0.21216338505879778,0.0012915928272101641,,0.7452625344933189,,,,PRUNED
92,0.745263432911271,2023-07-10 14:28:34.299898,2023-07-10 14:28:39.335942,0 days 00:00:05.036044,0.15692021361690328,0.00026635269427597837,22.0,0.7374930400117492,,,,COMPLETE
279,0.7452702625730868,2023-07-10 14:34:39.149418,2023-07-10 14:34:44.033133,0 days 00:00:04.883715,0.2838809895160761,0.00026676730988607264,22.0,0.7375274096008421,,,,COMPLETE
354,0.7453241305658423,2023-07-10 14:36:41.360798,2023-07-10 14:36:42.560249,0 days 00:00:01.199451,0.13518597793612813,0.0013147215987068513,,0.7453241305658423,,,,PRUNED
352,0.7454041325890218,2023-07-10 14:36:34.818485,2023-07-10 14:36:40.079661,0 days 00:00:05.261176,0.08135195926124433,0.00023132468564065226,25.0,0.7376490404682207,,,,COMPLETE
179,0.7455013953306142,2023-07-10 14:31:32.716093,2023-07-10 14:31:33.883730,0 days 00:00:01.167637,0.08658894277183367,0.00022718023623981184,,0.7455013953306142,,,,PRUNED
163,0.745531286238782,2023-07-10 14:30:58.697481,2023-07-10 14:30:59.869592,0 days 00:00:01.172111,0.15530880140314934,0.00024340920163915523,,0.745531286238782,,,,PRUNED
353,0.745594270008914,2023-07-10 14:36:40.080161,2023-07-10 14:36:41.360297,0 days 00:00:01.280136,0.9690512963343347,0.0001457649383201569,,0.745594270008914,,,,PRUNED
490,0.7456005098583031,2023-07-10 14:39:57.347839,2023-07-10 14:39:58.480865,0 days 00:00:01.133026,0.4803128998902914,0.0003251487657745857,,0.7456005098583031,,,,PRUNED
169,0.7456024020847626,2023-07-10 14:31:09.627046,2023-07-10 14:31:10.887203,0 days 00:00:01.260157,0.1735567774229295,0.00025574270308089623,,0.7456024020847626,,,,PRUNED
129,0.7456438246762432,2023-07-10 14:29:41.560490,2023-07-10 14:29:42.728100,0 days 00:00:01.167610,0.18110237540205257,0.00013495222169691444,,0.7456438246762432,,,,PRUNED
6,0.7456821759056513,2023-07-10 14:25:58.023092,2023-07-10 14:26:02.879784,0 days 00:00:04.856692,0.22428828618485597,0.00021201749965936125,24.0,0.7426497666647053,0.7383249387036425,,,COMPLETE
225,0.7457164037347116,2023-07-10 14:32:58.434294,2023-07-10 14:32:59.763971,0 days 00:00:01.329677,0.14003615870659297,6.17962315627613e-05,,0.7457164037347116,,,,PRUNED
386,0.7458298353381607,2023-07-10 14:37:27.794034,2023-07-10 14:37:28.913143,0 days 00:00:01.119109,0.2418551593314049,0.000313892908705991,,0.7458298353381607,,,,PRUNED
112,0.7459087729223955,2023-07-10 14:29:10.198364,2023-07-10 14:29:11.394782,0 days 00:00:01.196418,0.08813161340155498,0.0002302220032829828,,0.7459087729223955,,,,PRUNED
255,0.7459193625254089,2023-07-10 14:33:54.283443,2023-07-10 14:33:55.568822,0 days 00:00:01.285379,0.09020833900867621,0.00022985041408394165,,0.7459193625254089,,,,PRUNED
299,0.7459270200065329,2023-07-10 14:35:10.625026,2023-07-10 14:35:11.818299,0 days 00:00:01.193273,0.16544027223255378,0.00022335053121601354,,0.7459270200065329,,,,PRUNED
86,0.7461361722272514,2023-07-10 14:28:23.356846,2023-07-10 14:28:24.511991,0 days 00:00:01.155145,0.19132114528592303,0.00022681341842715593,,0.7461361722272514,,,,PRUNED
316,0.7462705882447493,2023-07-10 14:35:38.533172,2023-07-10 14:35:39.776355,0 days 00:00:01.243183,0.21860514525670183,0.001380594364489319,,0.7462705882447493,,,,PRUNED
150,0.7465609142319608,2023-07-10 14:30:22.196017,2023-07-10 14:30:23.319142,0 days 00:00:01.123125,0.11517923104436247,0.0002170599379389382,,0.7465609142319608,,,,PRUNED
367,0.7467862847412116,2023-07-10 14:37:04.536746,2023-07-10 14:37:05.711926,0 days 00:00:01.175180,0.14898722219427646,0.0002158929576623706,,0.7467862847412116,,,,PRUNED
69,0.7468782602306512,2023-07-10 14:27:54.637642,2023-07-10 14:27:55.756782,0 days 00:00:01.119140,0.09163718075016442,0.0014087913742505506,,0.7468782602306512,,,,PRUNED
430,0.7468987221618014,2023-07-10 14:38:30.918282,2023-07-10 14:38:32.089401,0 days 00:00:01.171119,0.23329518673652466,0.00023262743123832918,,0.7468987221618014,,,,PRUNED
268,0.7473739506938228,2023-07-10 14:34:17.782098,2023-07-10 14:34:18.990263,0 days 00:00:01.208165,0.17244533387361,0.00013016350884449067,,0.7473739506938228,,,,PRUNED
277,0.7474325733428971,2023-07-10 14:34:32.914132,2023-07-10 14:34:34.206488,0 days 00:00:01.292356,0.13785252485584448,0.0014209046575697623,,0.7474325733428971,,,,PRUNED
2,0.7476473088867781,2023-07-10 14:25:43.462290,2023-07-10 14:25:50.354362,0 days 00:00:06.892072,0.4974907400804669,6.696468548801565e-05,53.0,0.779148394661301,0.7609399198592015,0.746265041402825,0.7400761759847465,COMPLETE
248,0.7476547265741406,2023-07-10 14:33:41.760307,2023-07-10 14:33:42.990592,0 days 00:00:01.230285,0.12584132814268198,0.0015303566866962182,,0.7476547265741406,,,,PRUNED
431,0.747836393252499,2023-07-10 14:38:32.089902,2023-07-10 14:38:33.218399,0 days 00:00:01.128497,0.03913560727437404,0.0014981713306098062,,0.747836393252499,,,,PRUNED
48,0.7479327676800551,2023-07-10 14:27:16.927846,2023-07-10 14:27:18.038449,0 days 00:00:01.110603,0.07759557841350567,0.00022467989521499193,,0.7479327676800551,,,,PRUNED
96,0.7484795900455474,2023-07-10 14:28:43.080291,2023-07-10 14:28:44.252647,0 days 00:00:01.172356,0.07320045975619388,0.00021833725781985654,,0.7484795900455474,,,,PRUNED
397,0.7486965780736835,2023-07-10 14:37:41.207968,2023-07-10 14:37:42.351829,0 days 00:00:01.143861,0.15785161082536872,0.00020772806331917576,,0.7486965780736835,,,,PRUNED
385,0.7487158409161329,2023-07-10 14:37:26.602123,2023-07-10 14:37:27.793535,0 days 00:00:01.191412,0.1249319044686544,0.00010328279151160825,,0.7487158409161329,,,,PRUNED
30,0.7490109766202907,2023-07-10 14:26:45.862512,2023-07-10 14:26:47.024770,0 days 00:00:01.162258,0.23234443780743844,0.0016039288571385998,,0.7490109766202907,,,,PRUNED
105,0.7496644782441244,2023-07-10 14:28:57.658526,2023-07-10 14:28:58.820800,0 days 00:00:01.162274,0.17278559880786193,0.00020777723767703663,,0.7496644782441244,,,,PRUNED
178,0.7502538486450689,2023-07-10 14:31:31.534729,2023-07-10 14:31:32.715594,0 days 00:00:01.180865,0.16005586098785768,0.0016703096917927275,,0.7502538486450689,,,,PRUNED
116,0.7509759264951172,2023-07-10 14:29:15.253832,2023-07-10 14:29:16.448004,0 days 00:00:01.194172,0.12182129783104242,0.00018102103923111452,,0.7509759264951172,,,,PRUNED
369,0.7510164126414105,2023-07-10 14:37:07.034061,2023-07-10 14:37:08.175672,0 days 00:00:01.141611,0.16836149101605374,0.0017197097476441493,,0.7510164126414105,,,,PRUNED
463,0.7515023079623843,2023-07-10 14:39:14.414311,2023-07-10 14:39:15.630566,0 days 00:00:01.216255,0.15109523616095796,0.0018823990440897075,,0.7515023079623843,,,,PRUNED
24,0.7515145624385918,2023-07-10 14:26:35.731443,2023-07-10 14:26:36.815755,0 days 00:00:01.084312,0.20233170788833088,0.0017437561279747976,,0.7515145624385918,,,,PRUNED
42,0.7516549067484165,2023-07-10 14:27:06.606075,2023-07-10 14:27:07.701671,0 days 00:00:01.095596,0.18970504758074336,0.0002036002235957237,,0.7516549067484165,,,,PRUNED
99,0.7517765185892231,2023-07-10 14:28:50.293570,2023-07-10 14:28:51.469207,0 days 00:00:01.175637,0.17410419222226528,0.00017478004706818028,,0.7517765185892231,,,,PRUNED
128,0.7518488319080479,2023-07-10 14:29:40.435805,2023-07-10 14:29:41.559990,0 days 00:00:01.124185,0.23053335473170788,0.00016793838331588851,,0.7518488319080479,,,,PRUNED
390,0.751980581465655,2023-07-10 14:37:32.835813,2023-07-10 14:37:34.001879,0 days 00:00:01.166066,0.2128074786421692,0.0017892065454549108,,0.751980581465655,,,,PRUNED
311,0.7521055639107662,2023-07-10 14:35:28.641824,2023-07-10 14:35:29.928588,0 days 00:00:01.286764,0.15880751989337452,0.00195610040029029,,0.7521055639107662,,,,PRUNED
440,0.7534279450954862,2023-07-10 14:38:46.260307,2023-07-10 14:38:47.432418,0 days 00:00:01.172111,0.21564756408402594,0.00015461972291657617,,0.7534279450954862,,,,PRUNED
315,0.7535594915643017,2023-07-10 14:35:37.383756,2023-07-10 14:35:38.532672,0 days 00:00:01.148916,0.17966037880481767,0.00015546267466123832,,0.7535594915643017,,,,PRUNED
421,0.7541576677610097,2023-07-10 14:38:19.980214,2023-07-10 14:38:21.152351,0 days 00:00:01.172137,0.22898971098244436,0.0020846202391154914,,0.7541576677610097,,,,PRUNED
472,0.7548346982146812,2023-07-10 14:39:32.082569,2023-07-10 14:39:33.286728,0 days 00:00:01.204159,0.12972781122883043,7.926199333827992e-05,,0.7548346982146812,,,,PRUNED
261,0.7548363386094685,2023-07-10 14:34:09.176233,2023-07-10 14:34:10.352153,0 days 00:00:01.175920,0.13553215709685745,0.0021645637172549724,,0.7548363386094685,,,,PRUNED
200,0.7551092331583346,2023-07-10 14:32:16.769343,2023-07-10 14:32:18.019071,0 days 00:00:01.249728,0.18826954868946683,0.00211809677861662,,0.7551092331583346,,,,PRUNED
74,0.7554917394689173,2023-07-10 14:28:00.856044,2023-07-10 14:28:02.045160,0 days 00:00:01.189116,0.09989146405967093,0.00014645493482878897,,0.7554917394689173,,,,PRUNED
416,0.7555338232730311,2023-07-10 14:38:10.593833,2023-07-10 14:38:11.787955,0 days 00:00:01.194122,0.07549455213673067,0.002339296115994571,,0.7555338232730311,,,,PRUNED
498,0.7561148929896361,2023-07-10 14:40:10.435009,2023-07-10 14:40:11.647130,0 days 00:00:01.212121,0.8415613718648143,0.0016645965246513087,,0.7561148929896361,,,,PRUNED
23,0.7568841835705771,2023-07-10 14:26:34.636968,2023-07-10 14:26:35.731443,0 days 00:00:01.094475,0.0957476377867006,0.0001570435934638933,,0.7568841835705771,,,,PRUNED
19,0.7573145666474611,2023-07-10 14:26:26.863952,2023-07-10 14:26:27.967048,0 days 00:00:01.103096,0.11226409845089551,0.002379953819841166,,0.7573145666474611,,,,PRUNED
492,0.7581658145011404,2023-07-10 14:39:59.772710,2023-07-10 14:40:00.919254,0 days 00:00:01.146544,0.2338359614151019,0.002358854853304044,,0.7581658145011404,,,,PRUNED
269,0.7597490467137914,2023-07-10 14:34:18.990762,2023-07-10 14:34:20.183914,0 days 00:00:01.193152,0.19979124879214943,0.0025312768843597346,,0.7597490467137914,,,,PRUNED
389,0.7600894999335409,2023-07-10 14:37:31.679356,2023-07-10 14:37:32.835312,0 days 00:00:01.155956,0.18326551526412246,0.002565122187951129,,0.7600894999335409,,,,PRUNED
104,0.7614007721373737,2023-07-10 14:28:56.498300,2023-07-10 14:28:57.658027,0 days 00:00:01.159727,0.09398336230143436,0.00012508260686047118,,0.7614007721373737,,,,PRUNED
438,0.7620826346560848,2023-07-10 14:38:43.777730,2023-07-10 14:38:45.074603,0 days 00:00:01.296873,0.1595361266037732,0.0028767885305771602,,0.7620826346560848,,,,PRUNED
64,0.7633945681907284,2023-07-10 14:27:48.602914,2023-07-10 14:27:49.712006,0 days 00:00:01.109092,0.10892993707089568,0.00012025793240679595,,0.7633945681907284,,,,PRUNED
49,0.7639765710322539,2023-07-10 14:27:18.038949,2023-07-10 14:27:19.133549,0 days 00:00:01.094600,0.20896287203194536,0.002901573652069012,,0.7639765710322539,,,,PRUNED
0,0.7642777807655633,2023-07-10 14:25:33.358829,2023-07-10 14:25:38.020105,0 days 00:00:04.661276,0.346756069675324,0.0025254117608099432,11.0,,,,,COMPLETE
365,0.7648639875177968,2023-07-10 14:37:02.124274,2023-07-10 14:37:03.326003,0 days 00:00:01.201729,0.2029366629855958,0.003001136247319745,,0.7648639875177968,,,,PRUNED
281,0.7665591331195099,2023-07-10 14:34:45.234312,2023-07-10 14:34:46.397742,0 days 00:00:01.163430,0.15686573972187123,0.00011113867483708306,,0.7665591331195099,,,,PRUNED
33,0.7665817532494095,2023-07-10 14:26:56.268245,2023-07-10 14:26:57.362196,0 days 00:00:01.093951,0.29605721072566743,0.0001157413591974379,,0.7665817532494095,,,,PRUNED
425,0.7674285216317055,2023-07-10 14:38:24.930634,2023-07-10 14:38:26.138829,0 days 00:00:01.208195,0.27376612503085024,5.6487518623892505e-05,,0.7674285216317055,,,,PRUNED
344,0.7675064006196559,2023-07-10 14:36:17.740618,2023-07-10 14:36:18.892222,0 days 00:00:01.151604,0.17421756629180346,0.00011325235034711981,,0.7675064006196559,,,,PRUNED
326,0.7676169016908914,2023-07-10 14:35:55.258491,2023-07-10 14:35:56.432705,0 days 00:00:01.174214,0.14996358228140685,0.0033923059594955034,,0.7676169016908914,,,,PRUNED
208,0.7685644806838976,2023-07-10 14:32:30.196819,2023-07-10 14:32:31.534988,0 days 00:00:01.338169,0.1589315603982399,0.0034993767135388532,,0.7685644806838976,,,,PRUNED
26,0.7686585735719597,2023-07-10 14:26:38.063385,2023-07-10 14:26:39.153530,0 days 00:00:01.090145,0.0817874497623077,0.00010487465332202837,,0.7686585735719597,,,,PRUNED
408,0.7709890509093957,2023-07-10 14:37:57.786630,2023-07-10 14:37:58.967782,0 days 00:00:01.181152,0.18374785843263347,0.0036163404444083643,,0.7709890509093957,,,,PRUNED
376,0.7714285711483735,2023-07-10 14:37:15.362125,2023-07-10 14:37:16.565683,0 days 00:00:01.203558,0.12195479926210452,0.003881264096356885,,0.7714285711483735,,,,PRUNED
329,0.771949965251813,2023-07-10 14:35:58.929972,2023-07-10 14:36:00.214142,0 days 00:00:01.284170,0.6032239374769275,0.0027408487529689595,,0.771949965251813,,,,PRUNED
465,0.772111350408978,2023-07-10 14:39:20.223465,2023-07-10 14:39:21.374600,0 days 00:00:01.151135,0.12402145749082016,0.003945474435590004,,0.772111350408978,,,,PRUNED
423,0.7726272833418273,2023-07-10 14:38:22.510789,2023-07-10 14:38:23.642917,0 days 00:00:01.132128,0.22615762041420548,9.382984375640471e-05,,0.7726272833418273,,,,PRUNED
394,0.7751425348116973,2023-07-10 14:37:37.798139,2023-07-10 14:37:38.958449,0 days 00:00:01.160310,0.09287846574384927,0.0043810675265585925,,0.7751425348116973,,,,PRUNED
16,0.7756352075138099,2023-07-10 14:26:23.288287,2023-07-10 14:26:24.365420,0 days 00:00:01.077133,0.17335704996179663,0.004111405665717924,,0.7756352075138099,,,,PRUNED
79,0.7760685716529585,2023-07-10 14:28:10.530812,2023-07-10 14:28:11.754581,0 days 00:00:01.223769,0.06556510730416862,9.423008070342625e-05,,0.7760685716529585,,,,PRUNED
399,0.7766646670842199,2023-07-10 14:37:43.557419,2023-07-10 14:37:44.731552,0 days 00:00:01.174133,0.19608278474031504,8.482398826744628e-05,,0.7766646670842199,,,,PRUNED
39,0.7768702164185228,2023-07-10 14:27:03.264209,2023-07-10 14:27:04.364811,0 days 00:00:01.100602,0.3762842662184263,7.899937604314651e-05,,0.7768702164185228,,,,PRUNED
310,0.7785113776860259,2023-07-10 14:35:27.500209,2023-07-10 14:35:28.641324,0 days 00:00:01.141115,0.09795786863200626,7.976366818412502e-05,,0.7785113776860259,,,,PRUNED
347,0.7786085344261965,2023-07-10 14:36:25.015832,2023-07-10 14:36:26.236394,0 days 00:00:01.220562,0.1972397591306032,8.297661062576729e-05,,0.7786085344261965,,,,PRUNED
218,0.7804967229341064,2023-07-10 14:32:49.558145,2023-07-10 14:32:50.723584,0 days 00:00:01.165439,0.10238246677335192,7.349434994910749e-05,,0.7804967229341064,,,,PRUNED
446,0.7843962092094986,2023-07-10 14:38:53.468494,2023-07-10 14:38:54.610728,0 days 00:00:01.142234,0.15074377762530577,0.005124063905054245,,0.7843962092094986,,,,PRUNED
235,0.784587815548663,2023-07-10 14:33:18.489900,2023-07-10 14:33:19.662161,0 days 00:00:01.172261,0.1108167580866196,0.005378390369205695,,0.784587815548663,,,,PRUNED
35,0.785363196107493,2023-07-10 14:26:58.491561,2023-07-10 14:26:59.590592,0 days 00:00:01.099031,0.23976860802917388,0.0048347607665490235,,0.785363196107493,,,,PRUNED
388,0.7879075571404147,2023-07-10 14:37:30.357076,2023-07-10 14:37:31.678856,0 days 00:00:01.321780,0.10357160268592262,0.005978781543035299,,0.7879075571404147,,,,PRUNED
303,0.7902299283289018,2023-07-10 14:35:18.981210,2023-07-10 14:35:20.176078,0 days 00:00:01.194868,0.20033596565035044,0.005655667081058812,,0.7902299283289018,,,,PRUNED
436,0.7951856395649134,2023-07-10 14:38:41.441766,2023-07-10 14:38:42.627847,0 days 00:00:01.186081,0.01821711953546562,0.007484701684575803,,0.7951856395649134,,,,PRUNED
324,0.795429716747461,2023-07-10 14:35:52.683508,2023-07-10 14:35:54.010273,0 days 00:00:01.326765,0.5590909148532914,0.004722664084647239,,0.795429716747461,,,,PRUNED
405,0.7956318589395052,2023-07-10 14:37:54.093850,2023-07-10 14:37:55.423812,0 days 00:00:01.329962,0.20404745752340253,0.0063772018565847145,,0.7956318589395052,,,,PRUNED
343,0.8005829162345204,2023-07-10 14:36:16.605346,2023-07-10 14:36:17.740118,0 days 00:00:01.134772,0.23084921834458907,6.037004977437868e-05,,0.8005829162345204,,,,PRUNED
29,0.8080570687619459,2023-07-10 14:26:44.764198,2023-07-10 14:26:45.862011,0 days 00:00:01.097813,0.3466478973436744,5.171957357179016e-05,,0.8080570687619459,,,,PRUNED
60,0.8084250158105576,2023-07-10 14:27:37.353509,2023-07-10 14:27:38.449010,0 days 00:00:01.095501,0.23105084065839854,0.0075543403407907364,,0.8084250158105576,,,,PRUNED
378,0.8112904965736495,2023-07-10 14:37:17.930692,2023-07-10 14:37:19.094303,0 days 00:00:01.163611,0.2118454747404621,0.008065237183086318,,0.8112904965736495,,,,PRUNED
320,0.8125622031811452,2023-07-10 14:35:47.349406,2023-07-10 14:35:48.651312,0 days 00:00:01.301906,0.18531320613735008,0.00862770556526547,,0.8125622031811452,,,,PRUNED
417,0.8171675163919448,2023-07-10 14:38:11.788455,2023-07-10 14:38:12.968433,0 days 00:00:01.179978,0.16645462322382137,0.009257577872803957,,0.8171675163919448,,,,PRUNED
475,0.8195276432864155,2023-07-10 14:39:35.630641,2023-07-10 14:39:36.788768,0 days 00:00:01.158127,0.1410336033596682,5.049464780556266e-05,,0.8195276432864155,,,,PRUNED
184,0.8231094662629337,2023-07-10 14:31:46.197220,2023-07-10 14:31:47.375141,0 days 00:00:01.177921,0.149599068626815,5.0689614681162004e-05,,0.8231094662629337,,,,PRUNED
206,0.8304817744675319,2023-07-10 14:32:27.861166,2023-07-10 14:32:29.034317,0 days 00:00:01.173151,0.2135261231483458,0.010730504588043583,,0.8304817744675319,,,,PRUNED
304,0.8473706448844435,2023-07-10 14:35:20.176578,2023-07-10 14:35:21.329013,0 days 00:00:01.152435,0.18176891132934547,0.0134484972381156,,0.8473706448844435,,,,PRUNED
458,0.8600475525599315,2023-07-10 14:39:08.453911,2023-07-10 14:39:09.691411,0 days 00:00:01.237500,0.22069712363035082,0.014717363701904573,,0.8600475525599315,,,,PRUNED
294,0.8738920504436334,2023-07-10 14:35:04.366378,2023-07-10 14:35:05.579936,0 days 00:00:01.213558,0.15101875416261,0.017628856841405277,,0.8738920504436334,,,,PRUNED
495,0.8758614872231957,2023-07-10 14:40:06.615162,2023-07-10 14:40:07.956837,0 days 00:00:01.341675,0.16139856124358715,0.017857933237039596,,0.8758614872231957,,,,PRUNED
487,0.9120035311909787,2023-07-10 14:39:53.787438,2023-07-10 14:39:54.928235,0 days 00:00:01.140797,0.10103626304321026,0.024857660059945726,,0.9120035311909787,,,,PRUNED
363,0.9552578584675387,2023-07-10 14:36:55.876492,2023-07-10 14:36:57.283683,0 days 00:00:01.407191,0.3293932556729333,0.022092929703603707,,0.9552578584675387,,,,PRUNED
1,0.9606601354015977,2023-07-10 14:25:38.020606,2023-07-10 14:25:43.461789,0 days 00:00:05.441183,0.4280933074714435,0.020576385415528697,23.0,0.9655706318361384,0.9645780841879656,0.9637873148540462,,COMPLETE
3,0.973557673761074,2023-07-10 14:25:50.354862,2023-07-10 14:25:51.509910,0 days 00:00:01.155048,0.7036950744199706,0.0160024805525921,,0.973557673761074,,,,PRUNED
322,0.9788278172936392,2023-07-10 14:35:49.848079,2023-07-10 14:35:51.339657,0 days 00:00:01.491578,0.24355908428421463,0.03310221160982761,,0.9788278172936392,,,,PRUNED
216,0.981984411676911,2023-07-10 14:32:47.173255,2023-07-10 14:32:48.374415,0 days 00:00:01.201160,0.16808092769864533,0.04309793472498429,,0.981984411676911,,,,PRUNED
484,0.9873501812993545,2023-07-10 14:39:50.225656,2023-07-10 14:39:51.428274,0 days 00:00:01.202618,0.18650942141287555,0.04486371918119785,,0.9873501812993545,,,,PRUNED
459,0.9878264741149657,2023-07-10 14:39:09.691911,2023-07-10 14:39:10.827525,0 days 00:00:01.135614,0.0002846672611971357,0.2497329035018857,,0.9878264741149657,,,,PRUNED
387,0.9991984729423283,2023-07-10 14:37:28.913642,2023-07-10 14:37:30.357076,0 days 00:00:01.443434,0.15700366441750657,0.09299900285744893,,0.9991984729423283,,,,PRUNED
8,0.9996413812019102,2023-07-10 14:26:04.004878,2023-07-10 14:26:05.116971,0 days 00:00:01.112093,0.9113637931825765,0.018052848428813988,,0.9996413812019102,,,,PRUNED
454,0.9996950411494848,2023-07-10 14:39:03.351204,2023-07-10 14:39:04.596714,0 days 00:00:01.245510,0.24047726482503445,0.06773310175176162,,0.9996950411494848,,,,PRUNED
271,0.999793545237499,2023-07-10 14:34:21.447875,2023-07-10 14:34:22.694475,0 days 00:00:01.246600,0.22258462419630048,0.4774223360919673,,0.999793545237499,,,,PRUNED
14,0.9997971614891326,2023-07-10 14:26:17.751218,2023-07-10 14:26:18.945820,0 days 00:00:01.194602,0.11322622077414643,0.41203650893642324,,0.9997971614891326,,,,PRUNED
274,0.999800573372543,2023-07-10 14:34:25.252047,2023-07-10 14:34:26.542425,0 days 00:00:01.290378,0.24054393851480715,0.3464199419111069,,0.999800573372543,,,,PRUNED
470,0.9998387338339951,2023-07-10 14:39:29.814276,2023-07-10 14:39:30.926913,0 days 00:00:01.112637,0.32656921536100264,0.15114245021354944,,0.9998387338339951,,,,PRUNED
9,0.9998733456959494,2023-07-10 14:26:05.117471,2023-07-10 14:26:06.213362,0 days 00:00:01.095891,0.39240312695000745,0.12064382747629708,,0.9998733456959494,,,,PRUNED
4,0.9998903471273355,2023-07-10 14:25:51.510410,2023-07-10 14:25:52.633107,0 days 00:00:01.122697,0.8779857558783234,0.04222700781389659,,0.9998903471273355,,,,PRUNED
5,0.9999266316544159,2023-07-10 14:25:52.633107,2023-07-10 14:25:58.022592,0 days 00:00:05.389485,0.25626250306569587,0.0984598134488295,1.0,0.9998873311660407,,,,COMPLETE
447,0.9999955617396932,2023-07-10 14:38:54.611227,2023-07-10 14:38:56.196096,0 days 00:00:01.584869,0.9683899118470503,0.0223873425024082,,0.9999955617396932,,,,PRUNED
