number,value,datetime_start,datetime_complete,duration,params_l1_ratio,params_reg_strength,system_attrs_completed_rung_0,system_attrs_completed_rung_1,system_attrs_completed_rung_2,system_attrs_completed_rung_3,state
410,0.5714887659083957,2023-04-26 13:01:57.267084,2023-04-26 13:01:58.497190,0 days 00:00:01.230106,0.017070285813885713,0.002502945298895009,0.5719917315032734,0.5715714284667509,0.5714887659083957,,PRUNED
404,0.5714897501274546,2023-04-26 13:01:50.658349,2023-04-26 13:01:51.884602,0 days 00:00:01.226253,0.000784889137685903,0.0027790816792192985,0.5718935423679149,0.5715351919527524,0.5714897501274546,,PRUNED
334,0.5715383804942794,2023-04-26 13:00:17.326866,2023-04-26 13:00:18.596862,0 days 00:00:01.269996,0.03315685800215332,0.00217367431323373,0.5720655276704325,0.5716376677491082,0.5715383804942794,,PRUNED
228,0.5715394162747209,2023-04-26 12:57:40.118763,2023-04-26 12:57:41.358747,0 days 00:00:01.239984,0.033701591866862765,0.0022246908438940884,0.5720451328054877,0.5716319064068733,0.5715394162747209,,PRUNED
233,0.5715447479167993,2023-04-26 12:57:49.412772,2023-04-26 12:57:50.744462,0 days 00:00:01.331690,0.034043759170596204,0.0023459206125904654,0.5719977790597406,0.5716172880671895,0.5715447479167993,,PRUNED
295,0.571549848986632,2023-04-26 12:59:26.070220,2023-04-26 12:59:27.283852,0 days 00:00:01.213632,0.0006490609157477934,0.002935791095799808,0.5715686727830873,0.571549848986632,,,PRUNED
375,0.5715519538302483,2023-04-26 13:01:12.246068,2023-04-26 13:01:13.494729,0 days 00:00:01.248661,0.032017872114164764,0.0024701381017554914,0.5719580607266354,0.571624275380232,0.5715519538302483,,PRUNED
244,0.5715525049982011,2023-04-26 12:58:08.811937,2023-04-26 12:58:10.039718,0 days 00:00:01.227781,0.019084551602925943,0.0026517914666877402,0.5716024437699677,0.5715525049982011,,,PRUNED
304,0.5715626795616384,2023-04-26 12:59:36.127865,2023-04-26 12:59:37.344031,0 days 00:00:01.216166,0.03529100099923799,0.0024329303173696434,0.5716375866665238,0.5715626795616384,,,PRUNED
84,0.5715650543087286,2023-04-26 12:52:40.360500,2023-04-26 12:52:41.608684,0 days 00:00:01.248184,0.022940106837407194,0.0026308941514286235,0.5720291049720284,0.5716225605206152,0.5715650543087286,,PRUNED
486,0.5715664100688197,2023-04-26 13:03:49.429549,2023-04-26 13:03:50.661324,0 days 00:00:01.231775,1.8021095653120633e-05,0.002976369270900822,0.5718776357180694,0.5715808649375482,0.5715664100688197,,PRUNED
402,0.5715808072606781,2023-04-26 13:01:48.383346,2023-04-26 13:01:49.640130,0 days 00:00:01.256784,0.040151982370410066,0.002366761190884551,0.5716773903440485,0.5715808072606781,,,PRUNED
232,0.5715835693802359,2023-04-26 12:57:48.123549,2023-04-26 12:57:49.412272,0 days 00:00:01.288723,0.0013806498699991004,0.002993345612016072,0.571596810859024,0.5715835693802359,,,PRUNED
171,0.571583730001274,2023-04-26 12:55:31.684323,2023-04-26 12:55:32.974999,0 days 00:00:01.290676,0.01553802550659777,0.00282398902438203,0.5718989215755709,0.5716291290805923,0.571583730001274,,PRUNED
198,0.5715842613142322,2023-04-26 12:56:32.303611,2023-04-26 12:56:33.556758,0 days 00:00:01.253147,0.04246281406376372,0.0021363611464948386,0.5717034326596753,0.5715842613142322,,,PRUNED
280,0.5715856963777661,2023-04-26 12:59:01.998183,2023-04-26 12:59:03.241524,0 days 00:00:01.243341,0.01845066638824349,0.0027411240302547073,0.5720034674063649,0.571623412456574,0.5715856963777661,,PRUNED
293,0.5715857651707263,2023-04-26 12:59:23.776340,2023-04-26 12:59:25.053022,0 days 00:00:01.276682,0.019311848116876276,0.0027745021319252267,0.571640804342096,0.5715857651707263,,,PRUNED
213,0.5715867896245532,2023-04-26 12:57:09.603110,2023-04-26 12:57:10.808956,0 days 00:00:01.205846,0.028235345668689692,0.002652044408195971,0.5719332238125868,0.5716242369915462,0.5715867896245532,,PRUNED
340,0.5715931364281974,2023-04-26 13:00:24.331507,2023-04-26 13:00:25.570729,0 days 00:00:01.239222,0.0023314091209676747,0.0030008539861155676,0.5718877335688269,0.5716053710703052,0.5715931364281974,,PRUNED
205,0.5715942691610214,2023-04-26 12:56:50.605122,2023-04-26 12:56:51.879466,0 days 00:00:01.274344,0.0009861105144604318,0.0030164448248632624,0.5716058690214564,0.5715942691610214,,,PRUNED
216,0.5715953831786584,2023-04-26 12:57:16.294479,2023-04-26 12:57:17.532668,0 days 00:00:01.238189,0.02254317651420413,0.0027728192498888173,0.5719075613706264,0.5716346295014985,0.5715953831786584,,PRUNED
310,0.5716034986759876,2023-04-26 12:59:42.681106,2023-04-26 12:59:43.993246,0 days 00:00:01.312140,0.0005072751203714621,0.0030369670774737594,0.5716138362636709,0.5716034986759876,,,PRUNED
349,0.5716035779058695,2023-04-26 13:00:34.360158,2023-04-26 13:00:35.599296,0 days 00:00:01.239138,0.039534331578696236,0.0025059341725221273,0.5716587237926327,0.5716035779058695,,,PRUNED
191,0.571613331915812,2023-04-26 12:56:17.551803,2023-04-26 12:56:18.798915,0 days 00:00:01.247112,0.03203130478147984,0.002662573504835316,0.5719647389740672,0.571646440567789,0.571613331915812,,PRUNED
243,0.5716145566202252,2023-04-26 12:58:07.597835,2023-04-26 12:58:08.811438,0 days 00:00:01.213603,0.0005852519508419296,0.003054588399518224,0.5716239553076267,0.5716145566202252,,,PRUNED
224,0.5716163356806182,2023-04-26 12:57:32.292555,2023-04-26 12:57:33.538916,0 days 00:00:01.246361,0.049531466434783934,0.002151707119739078,0.5717270481435454,0.5716163356806182,,,PRUNED
194,0.5716236011903838,2023-04-26 12:56:24.441832,2023-04-26 12:56:25.667307,0 days 00:00:01.225475,0.03181452255186842,0.0018997494098247233,0.5716236011903838,,,,PRUNED
451,0.5716302536437905,2023-04-26 13:03:00.314529,2023-04-26 13:03:01.597094,0 days 00:00:01.282565,0.05173767307039957,0.00226239424406247,0.5717228951756802,0.5716302536437905,,,PRUNED
465,0.5716408757190448,2023-04-26 13:03:16.355063,2023-04-26 13:03:17.442741,0 days 00:00:01.087678,0.01878005425977071,0.0021551833948839157,0.5721442846709973,0.5716408757190448,,,PRUNED
283,0.5716551037376163,2023-04-26 12:59:08.865030,2023-04-26 12:59:10.136709,0 days 00:00:01.271679,0.039960744447187245,0.0019273643731396966,0.5716551037376163,,,,PRUNED
153,0.571663076981247,2023-04-26 12:54:58.581133,2023-04-26 12:54:59.789850,0 days 00:00:01.208717,0.04136279891584667,0.0026391261596908663,0.5717105523691026,0.571663076981247,,,PRUNED
140,0.5716632477333905,2023-04-26 12:54:27.553539,2023-04-26 12:54:28.764641,0 days 00:00:01.211102,0.0571277770231558,0.0023186986708602303,0.5721080708889569,0.5717441460792032,0.5716632477333905,,PRUNED
223,0.5716642737872825,2023-04-26 12:57:31.210958,2023-04-26 12:57:32.292057,0 days 00:00:01.081099,0.01989675552606801,0.0028906309425647363,0.5719158344261719,0.5716642737872825,,,PRUNED
177,0.5716730453349039,2023-04-26 12:55:41.926950,2023-04-26 12:55:43.161052,0 days 00:00:01.234102,0.05233594864368235,0.002494517252073775,0.5720980938345833,0.5717271393929813,0.5716730453349039,,PRUNED
174,0.5716740071789583,2023-04-26 12:55:38.636363,2023-04-26 12:55:39.889216,0 days 00:00:01.252853,0.03442983004289778,0.0027625704927448152,0.5719971079975923,0.571712769542301,0.5716740071789583,,PRUNED
245,0.5716754479430197,2023-04-26 12:58:10.039718,2023-04-26 12:58:11.118989,0 days 00:00:01.079271,0.0358721599826132,0.002114663885500484,0.5721128099756371,0.5716754479430197,,,PRUNED
230,0.5716794892173821,2023-04-26 12:57:42.584362,2023-04-26 12:57:43.652944,0 days 00:00:01.068582,0.020970156691267262,0.002917832913147456,0.571934686154688,0.5716794892173821,,,PRUNED
282,0.5716807439914753,2023-04-26 12:59:07.751389,2023-04-26 12:59:08.864530,0 days 00:00:01.113141,0.0007881495201398415,0.0031427093804241293,0.5719395240472919,0.5716807439914753,,,PRUNED
429,0.5716868925425569,2023-04-26 13:02:25.602220,2023-04-26 13:02:26.838225,0 days 00:00:01.236005,0.01838232374433339,0.0030058241732971542,0.571707864670025,0.5716868925425569,,,PRUNED
134,0.5716910420862283,2023-04-26 12:54:17.446337,2023-04-26 12:54:18.695034,0 days 00:00:01.248697,0.053639090440594284,0.0019644588417089613,0.5718840982020048,0.5716910420862283,,,PRUNED
132,0.5716917637239968,2023-04-26 12:54:14.974010,2023-04-26 12:54:16.206113,0 days 00:00:01.232103,0.04139444362244099,0.0027027778967790095,0.5720194123456963,0.5717322060642717,0.5716917637239968,,PRUNED
258,0.5716952612459338,2023-04-26 12:58:30.428172,2023-04-26 12:58:31.655844,0 days 00:00:01.227672,0.037765802431127524,0.0027738045299966177,0.5717257739952474,0.5716952612459338,,,PRUNED
102,0.5716974417114038,2023-04-26 12:53:14.192289,2023-04-26 12:53:15.411821,0 days 00:00:01.219532,0.014420302362414794,0.0016811267107154654,0.571946537633216,0.5716974417114038,,,PRUNED
46,0.5717024682175118,2023-04-26 12:51:17.462879,2023-04-26 12:51:18.689524,0 days 00:00:01.226645,0.06418352127680288,0.002099603325280863,0.5723252740295915,0.5718333696319228,0.5717024682175118,,PRUNED
119,0.5717058564598616,2023-04-26 12:53:43.600590,2023-04-26 12:53:44.836286,0 days 00:00:01.235696,0.06613825705315182,0.0022407064660595827,0.571795623910825,0.5717058564598616,,,PRUNED
133,0.5717086935958154,2023-04-26 12:54:16.206613,2023-04-26 12:54:17.445837,0 days 00:00:01.239224,0.021220240969765203,0.003006553898520748,0.5719659234073331,0.5717341659506894,0.5717086935958154,,PRUNED
181,0.5717164667498069,2023-04-26 12:55:49.766583,2023-04-26 12:55:51.060030,0 days 00:00:01.293447,0.03438972466995353,0.002860166031709045,0.571750784228607,0.5717164667498069,,,PRUNED
91,0.5717181178527088,2023-04-26 12:52:48.388053,2023-04-26 12:52:49.623329,0 days 00:00:01.235276,0.05260581980866039,0.002598254074157863,0.5720576498745149,0.5717578334902189,0.5717181178527088,,PRUNED
61,0.5717237267856504,2023-04-26 12:51:44.373197,2023-04-26 12:51:45.628994,0 days 00:00:01.255797,0.0334717047026091,0.0017828739728189091,0.5725951877996842,0.5719931572362948,0.5717237267856504,,PRUNED
77,0.5717249024305256,2023-04-26 12:52:22.342185,2023-04-26 12:52:23.559683,0 days 00:00:01.217498,0.0021192787514413627,0.003197657409210962,0.5717318898476591,0.5717249024305256,,,PRUNED
273,0.5717254718877413,2023-04-26 12:58:54.053567,2023-04-26 12:58:55.134296,0 days 00:00:01.080729,0.00048362825799280556,0.003199590931658254,0.5719790572504687,0.5717254718877413,,,PRUNED
94,0.5717275782080337,2023-04-26 12:52:58.668111,2023-04-26 12:52:59.906518,0 days 00:00:01.238407,7.820024244894813e-05,0.003217713169457306,0.5719902154085622,0.5717370166268062,0.5717275782080337,,PRUNED
480,0.5717321024894634,2023-04-26 13:03:39.705002,2023-04-26 13:03:40.921220,0 days 00:00:01.216218,0.0002342837792481026,0.0032223798253086335,0.5717414899626289,0.5717321024894634,,,PRUNED
307,0.571736296821552,2023-04-26 12:59:39.479984,2023-04-26 12:59:40.568112,0 days 00:00:01.088128,0.05361703042759605,0.002480118222997257,0.571736296821552,,,,PRUNED
300,0.5717387641847892,2023-04-26 12:59:31.922740,2023-04-26 12:59:33.011324,0 days 00:00:01.088584,0.04630361876266295,0.0026460908390196877,0.5717387641847892,,,,PRUNED
192,0.5717407489976195,2023-04-26 12:56:18.799414,2023-04-26 12:56:19.873010,0 days 00:00:01.073596,0.0003080505697626657,0.0032208396546825916,0.5719921795549682,0.5717407489976195,,,PRUNED
106,0.5717412924147607,2023-04-26 12:53:19.007237,2023-04-26 12:53:20.257440,0 days 00:00:01.250203,0.06933222252588347,0.002370738467863758,0.5718013703218806,0.5717412924147607,,,PRUNED
409,0.5717440574625706,2023-04-26 13:01:56.217966,2023-04-26 13:01:57.266584,0 days 00:00:01.048618,0.03193957738993627,0.0020881203581913366,0.5717440574625706,,,,PRUNED
327,0.571744594814746,2023-04-26 13:00:05.530941,2023-04-26 13:00:06.822085,0 days 00:00:01.291144,0.000182137050122494,0.0015846275433795839,0.571744594814746,,,,PRUNED
71,0.5717483442161206,2023-04-26 12:51:58.808182,2023-04-26 12:52:00.033340,0 days 00:00:01.225158,0.07352190129724287,0.0022471727944066307,0.5722210013322317,0.5718296346599863,0.5717483442161206,,PRUNED
366,0.571749204053477,2023-04-26 13:00:55.825923,2023-04-26 13:00:56.905035,0 days 00:00:01.079112,0.056018066152099505,0.0024857569877006183,0.572076865873307,0.571749204053477,,,PRUNED
268,0.5717543478254632,2023-04-26 12:58:44.877336,2023-04-26 12:58:46.049949,0 days 00:00:01.172613,0.04849786934034565,0.0026603730223477558,0.5720363459170286,0.5717543478254632,,,PRUNED
326,0.5717604906618159,2023-04-26 13:00:04.427209,2023-04-26 13:00:05.530941,0 days 00:00:01.103732,0.0477945263466101,0.002397637957151386,0.5722034013742122,0.5717604906618159,,,PRUNED
427,0.5717720728145045,2023-04-26 13:02:23.265790,2023-04-26 13:02:24.344918,0 days 00:00:01.079128,0.0006093610174834506,0.0017927914383737515,0.5717720728145045,,,,PRUNED
450,0.571775874124546,2023-04-26 13:02:59.056270,2023-04-26 13:03:00.314029,0 days 00:00:01.257759,0.019976890894100544,0.0016506993208078333,0.571775874124546,,,,PRUNED
62,0.5717813828987189,2023-04-26 12:51:45.628994,2023-04-26 12:51:46.860033,0 days 00:00:01.231039,0.035617380976780084,0.002966256121278125,0.572057562567546,0.5718084381046049,0.5717813828987189,,PRUNED
249,0.5717817376195494,2023-04-26 12:58:17.620178,2023-04-26 12:58:18.702390,0 days 00:00:01.082212,0.01906100213333633,0.003096722738044937,0.5720304406354588,0.5717817376195494,,,PRUNED
306,0.571786434797206,2023-04-26 12:59:38.393860,2023-04-26 12:59:39.479486,0 days 00:00:01.085626,0.017577479045073577,0.003123154902805957,0.572032908323754,0.571786434797206,,,PRUNED
262,0.5717904994435677,2023-04-26 12:58:38.099998,2023-04-26 12:58:39.187111,0 days 00:00:01.087113,0.06452406378403523,0.0023868499004535758,0.5721531779400679,0.5717904994435677,,,PRUNED
345,0.5717990681061756,2023-04-26 13:00:29.931732,2023-04-26 13:00:31.184457,0 days 00:00:01.252725,0.056555593078809585,0.002731892160143636,0.5717990681061756,,,,PRUNED
371,0.5718012605037351,2023-04-26 13:01:04.515677,2023-04-26 13:01:05.752132,0 days 00:00:01.236455,0.048140175936270145,0.0028229193299629573,0.5718012605037351,,,,PRUNED
287,0.5718043023337451,2023-04-26 12:59:13.625387,2023-04-26 12:59:14.853640,0 days 00:00:01.228253,0.03434122143621565,0.001699073569611005,0.5718043023337451,,,,PRUNED
237,0.5718062841946974,2023-04-26 12:57:57.696415,2023-04-26 12:57:58.801063,0 days 00:00:01.104648,0.04417981992175388,0.00284549856341011,0.572046334717155,0.5718062841946974,,,PRUNED
297,0.5718089307475875,2023-04-26 12:59:28.384753,2023-04-26 12:59:29.458916,0 days 00:00:01.074163,0.03489473450476629,0.002017793311693107,0.5718089307475875,,,,PRUNED
155,0.5718096744872518,2023-04-26 12:55:04.273460,2023-04-26 12:55:05.507717,0 days 00:00:01.234257,0.017779588832649205,0.003170740025023606,0.5718164054412291,0.5718096744872518,,,PRUNED
461,0.5718149385754879,2023-04-26 13:03:11.608720,2023-04-26 13:03:12.698591,0 days 00:00:01.089871,0.06759597656641356,0.0025376873189354135,0.5718149385754879,,,,PRUNED
322,0.571818922890948,2023-04-26 13:00:00.064239,2023-04-26 13:00:01.298003,0 days 00:00:01.233764,0.041008302547261385,0.002946187445590193,0.571818922890948,,,,PRUNED
432,0.571819159431808,2023-04-26 13:02:32.424809,2023-04-26 13:02:33.543078,0 days 00:00:01.118269,0.06589173599275575,0.002587317868515189,0.571819159431808,,,,PRUNED
159,0.5718256298559097,2023-04-26 12:55:08.679505,2023-04-26 12:55:09.780234,0 days 00:00:01.100729,0.03298209268314407,0.001846003101152676,0.572339841754501,0.5718256298559097,,,PRUNED
414,0.5718390965275587,2023-04-26 13:02:01.689100,2023-04-26 13:02:02.788741,0 days 00:00:01.099641,0.07006570794793292,0.0021107388805032263,0.5722819300140971,0.5718390965275587,,,PRUNED
341,0.5718413713728425,2023-04-26 13:00:25.571229,2023-04-26 13:00:26.794341,0 days 00:00:01.223112,0.0848212860975084,0.0023018974581746838,0.5718413713728425,,,,PRUNED
225,0.571847093662643,2023-04-26 12:57:33.539416,2023-04-26 12:57:34.611136,0 days 00:00:01.071720,0.0012014725605335441,0.003361244868506958,0.571847093662643,,,,PRUNED
286,0.5718509935210726,2023-04-26 12:59:12.274225,2023-04-26 12:59:13.624887,0 days 00:00:01.350662,0.057632923509314815,0.0027851858089921037,0.5718509935210726,,,,PRUNED
142,0.5718540934395243,2023-04-26 12:54:33.243141,2023-04-26 12:54:34.498243,0 days 00:00:01.255102,0.021266325345541223,0.0032022749370309938,0.571860437489263,0.5718540934395243,,,PRUNED
122,0.5718640113378106,2023-04-26 12:53:50.249529,2023-04-26 12:53:51.336524,0 days 00:00:01.086995,0.03829073126802219,0.003022764615314747,0.5720802741855562,0.5718640113378106,,,PRUNED
103,0.5718707684076177,2023-04-26 12:53:15.412322,2023-04-26 12:53:16.661028,0 days 00:00:01.248706,0.04808461951545806,0.002939602800033558,0.5718757991945308,0.5718707684076177,,,PRUNED
468,0.5718737600271602,2023-04-26 13:03:23.383738,2023-04-26 13:03:24.536220,0 days 00:00:01.152482,0.038172306012619804,0.0018221003537418413,0.5718737600271602,,,,PRUNED
52,0.571874337661562,2023-04-26 12:51:27.460290,2023-04-26 12:51:28.680923,0 days 00:00:01.220633,0.09551980614870902,0.0020792657650624126,0.5725258806562098,0.5719789426631474,0.571874337661562,,PRUNED
325,0.5718753271456989,2023-04-26 13:00:03.346624,2023-04-26 13:00:04.426709,0 days 00:00:01.080085,0.07154337926844746,0.002033955283767667,0.5718753271456989,,,,PRUNED
172,0.5718826069759427,2023-04-26 12:55:32.975498,2023-04-26 12:55:34.230760,0 days 00:00:01.255262,0.025969084916529567,0.0032192665769915363,0.5718826069759427,,,,PRUNED
139,0.5719060172678222,2023-04-26 12:54:26.503287,2023-04-26 12:54:27.553039,0 days 00:00:01.049752,0.03922132894971196,0.0017917656879695093,0.5719060172678222,,,,PRUNED
253,0.5719061446103305,2023-04-26 12:58:25.227549,2023-04-26 12:58:26.298645,0 days 00:00:01.071096,0.05295613682940406,0.001940335700482771,0.5719061446103305,,,,PRUNED
368,0.5719067238023641,2023-04-26 13:00:57.928424,2023-04-26 13:00:58.991511,0 days 00:00:01.063087,0.00072513573620653,0.0016936224507510165,0.5719067238023641,,,,PRUNED
396,0.5719100030194354,2023-04-26 13:01:41.953805,2023-04-26 13:01:43.181029,0 days 00:00:01.227224,0.018067092114644398,0.0032998760073189074,0.5719100030194354,,,,PRUNED
246,0.5719176507675825,2023-04-26 12:58:11.118989,2023-04-26 12:58:12.183078,0 days 00:00:01.064089,0.00038625078831233217,0.0034754020505844696,0.5721183786806157,0.5719176507675825,,,PRUNED
96,0.571974816234129,2023-04-26 12:53:00.947638,2023-04-26 12:53:02.039734,0 days 00:00:01.092096,0.0949811949053649,0.002501341460778602,0.5723671725290306,0.571974816234129,,,PRUNED
114,0.5719818898282106,2023-04-26 12:53:34.714640,2023-04-26 12:53:35.776146,0 days 00:00:01.061506,0.06545190258465786,0.0029830915439452935,0.5722342355554398,0.5719818898282106,,,PRUNED
443,0.5719910542934269,2023-04-26 13:02:51.294492,2023-04-26 13:02:52.400269,0 days 00:00:01.105777,0.0861115037956898,0.0027028576360561595,0.5719910542934269,,,,PRUNED
203,0.5719923026378249,2023-04-26 12:56:44.947872,2023-04-26 12:56:46.044446,0 days 00:00:01.096574,0.01438278677145011,0.0034666442647808154,0.5719923026378249,,,,PRUNED
412,0.5720008810514141,2023-04-26 13:01:59.607789,2023-04-26 13:02:00.677974,0 days 00:00:01.070185,0.0016079181732072678,0.00357133502302945,0.5721789885623377,0.5720008810514141,,,PRUNED
117,0.572005543281766,2023-04-26 12:53:41.517198,2023-04-26 12:53:42.585441,0 days 00:00:01.068243,0.01901060572888577,0.0034414552829793907,0.5721896759201461,0.572005543281766,,,PRUNED
358,0.572007910931513,2023-04-26 13:00:47.408040,2023-04-26 13:00:48.494649,0 days 00:00:01.086609,0.01738465573123857,0.0034603335305231687,0.5721854291676902,0.572007910931513,,,PRUNED
32,0.5720095797735935,2023-04-26 12:50:54.587741,2023-04-26 12:50:55.815273,0 days 00:00:01.227532,0.08717821251748537,0.0027362174266879094,0.5720057685452569,0.5720095797735935,,,PRUNED
178,0.5720222720066759,2023-04-26 12:55:43.161552,2023-04-26 12:55:44.221636,0 days 00:00:01.060084,0.019722381211491176,0.0034554491290137387,0.5722021511706242,0.5720222720066759,,,PRUNED
13,0.5720261103258965,2023-04-26 12:50:30.349875,2023-04-26 12:50:31.395477,0 days 00:00:01.045602,0.015870714943193934,0.003496935517890123,0.5721969353347737,0.5720261103258965,,,PRUNED
235,0.5720294975532005,2023-04-26 12:57:55.507224,2023-04-26 12:57:56.596223,0 days 00:00:01.088999,0.018191472839676048,0.0034790575428035814,0.5722078021291449,0.5720294975532005,,,PRUNED
41,0.5720312415992415,2023-04-26 12:51:05.015959,2023-04-26 12:51:06.303204,0 days 00:00:01.287245,0.03743771609866617,0.0015094108858579802,0.572399597177442,0.5720312415992415,,,PRUNED
195,0.5720316119709532,2023-04-26 12:56:25.667307,2023-04-26 12:56:26.741416,0 days 00:00:01.074109,0.051557961825318986,0.003137054421468917,0.5722481835747454,0.5720316119709532,,,PRUNED
111,0.5720349268616958,2023-04-26 12:53:27.958436,2023-04-26 12:53:29.059876,0 days 00:00:01.101440,0.03792823938739753,0.0032931746494782375,0.5722122233480958,0.5720349268616958,,,PRUNED
63,0.5720359370347698,2023-04-26 12:51:46.860535,2023-04-26 12:51:48.120278,0 days 00:00:01.259743,0.11225376629302902,0.0018206892893689976,0.5722200254039199,0.5720359370347698,,,PRUNED
298,0.5720383517123521,2023-04-26 12:59:29.459416,2023-04-26 12:59:30.689136,0 days 00:00:01.229720,0.020753920878196618,0.0014491639781871533,0.5720383517123521,,,,PRUNED
448,0.5720386531250053,2023-04-26 13:02:56.817237,2023-04-26 13:02:57.931621,0 days 00:00:01.114384,0.029091143924518663,0.003386099289480792,0.5722171093569542,0.5720386531250053,,,PRUNED
170,0.5720440316827021,2023-04-26 12:55:30.613225,2023-04-26 12:55:31.683823,0 days 00:00:01.070598,0.07010321225283443,0.0030379546289477275,0.5722898225530836,0.5720440316827021,,,PRUNED
411,0.5720736824951349,2023-04-26 13:01:58.497692,2023-04-26 13:01:59.607789,0 days 00:00:01.110097,0.03255733365180644,0.0017078171355773563,0.5720736824951349,,,,PRUNED
270,0.5720737626881822,2023-04-26 12:58:47.121204,2023-04-26 12:58:48.379646,0 days 00:00:01.258442,0.022573389808889805,0.00143659772523241,0.5720737626881822,,,,PRUNED
85,0.572091491935157,2023-04-26 12:52:41.608684,2023-04-26 12:52:42.858313,0 days 00:00:01.249629,0.04966819247996209,0.003248581572989777,0.572091491935157,,,,PRUNED
200,0.5721085937775406,2023-04-26 12:56:38.137739,2023-04-26 12:56:39.210473,0 days 00:00:01.072734,0.06762519320024489,0.0018581318084866976,0.5721085937775406,,,,PRUNED
408,0.5721243842088309,2023-04-26 13:01:55.149762,2023-04-26 13:01:56.217464,0 days 00:00:01.067702,0.0556219753389098,0.0032533840452408265,0.5723044135073118,0.5721243842088309,,,PRUNED
206,0.5721255277845573,2023-04-26 12:56:51.879966,2023-04-26 12:56:52.957254,0 days 00:00:01.077288,0.03868917836261168,0.0016966583607887463,0.5721255277845573,,,,PRUNED
369,0.5721654085333051,2023-04-26 13:00:58.992012,2023-04-26 13:01:00.077211,0 days 00:00:01.085199,0.08506345797241335,0.00304769231276798,0.5721654085333051,,,,PRUNED
391,0.5721681644062091,2023-04-26 13:01:32.917287,2023-04-26 13:01:33.986437,0 days 00:00:01.069150,0.01708388403660898,0.0036401883586624005,0.5721681644062091,,,,PRUNED
21,0.5721728024948967,2023-04-26 12:50:38.666096,2023-04-26 12:50:39.723219,0 days 00:00:01.057123,0.005171612434764871,0.001533095008138768,0.5732329596498235,0.5721728024948967,,,PRUNED
97,0.5721761080090824,2023-04-26 12:53:02.040234,2023-04-26 12:53:03.117333,0 days 00:00:01.077099,0.027381612295601463,0.003571113785624429,0.5723346777307735,0.5721761080090824,,,PRUNED
164,0.5721829088820726,2023-04-26 12:55:20.896273,2023-04-26 12:55:21.957388,0 days 00:00:01.061115,0.038872879174855456,0.003478966700983893,0.5723308695159669,0.5721829088820726,,,PRUNED
347,0.5722174652549246,2023-04-26 13:00:32.251076,2023-04-26 13:00:33.326062,0 days 00:00:01.074986,0.0004049964650417326,0.001507170257136323,0.5722174652549246,,,,PRUNED
458,0.5722211732583247,2023-04-26 13:03:08.187816,2023-04-26 13:03:09.454915,0 days 00:00:01.267099,0.1408384351788921,0.0017989383046123893,0.5722211732583247,,,,PRUNED
463,0.5722213756037047,2023-04-26 13:03:14.006091,2023-04-26 13:03:15.259303,0 days 00:00:01.253212,0.033103720530590096,0.0013808745630867765,0.5722213756037047,,,,PRUNED
251,0.5722486938958629,2023-04-26 12:58:23.120011,2023-04-26 12:58:24.173460,0 days 00:00:01.053449,0.00012286296618407665,0.0038470324639745448,0.5722486938958629,,,,PRUNED
362,0.5722704866494431,2023-04-26 13:00:51.590122,2023-04-26 13:00:52.602721,0 days 00:00:01.012599,0.01765235608244638,0.0020080540317780654,0.5722704866494431,,,,PRUNED
229,0.5722719606808973,2023-04-26 12:57:41.359247,2023-04-26 12:57:42.583861,0 days 00:00:01.224614,0.0005746497761696706,0.003863905850814297,0.5722719606808973,,,,PRUNED
269,0.5722722045928217,2023-04-26 12:58:46.050448,2023-04-26 12:58:47.120704,0 days 00:00:01.070256,0.15688617007726535,0.002134086255055706,0.5722722045928217,,,,PRUNED
490,0.5722811830859925,2023-04-26 13:03:53.754333,2023-04-26 13:03:54.835964,0 days 00:00:01.081631,0.03133494655914316,0.003661898879248516,0.5722811830859925,,,,PRUNED
318,0.5723018118452351,2023-04-26 12:59:55.439696,2023-04-26 12:59:56.502482,0 days 00:00:01.062786,0.03719247997295292,0.003445823885465765,0.5723018118452351,,,,PRUNED
240,0.572348128382838,2023-04-26 12:58:00.927071,2023-04-26 12:58:01.951897,0 days 00:00:01.024826,0.05713729464416821,0.001992096051631923,0.572348128382838,,,,PRUNED
126,0.572348182237018,2023-04-26 12:53:58.211749,2023-04-26 12:53:59.434477,0 days 00:00:01.222728,0.0027708023651213387,0.0012497511550475123,0.572348182237018,,,,PRUNED
36,0.5723522920253308,2023-04-26 12:50:59.032660,2023-04-26 12:51:00.111257,0 days 00:00:01.078597,0.06180739232564471,0.001544402292005379,0.5730181874002136,0.5723522920253308,,,PRUNED
109,0.5723598821500974,2023-04-26 12:53:22.327780,2023-04-26 12:53:23.388367,0 days 00:00:01.060587,0.1471640679802864,0.0018653380922878527,0.5723598821500974,,,,PRUNED
186,0.5723698628395141,2023-04-26 12:56:08.885450,2023-04-26 12:56:09.958830,0 days 00:00:01.073380,0.04814297433820077,0.0036150388756393415,0.5723698628395141,,,,PRUNED
55,0.5723797669039007,2023-04-26 12:51:34.256112,2023-04-26 12:51:35.367039,0 days 00:00:01.110927,0.1403386270501758,0.002834770315215201,0.5726404333270179,0.5723797669039007,,,PRUNED
442,0.5723843114688734,2023-04-26 13:02:50.274212,2023-04-26 13:02:51.293993,0 days 00:00:01.019781,0.04869894975515243,0.0034601673965263717,0.5723843114688734,,,,PRUNED
299,0.5724087860673471,2023-04-26 12:59:30.689636,2023-04-26 12:59:31.922239,0 days 00:00:01.232603,0.00019560129609232264,0.0039910276129956805,0.5724087860673471,,,,PRUNED
455,0.5724094802012091,2023-04-26 13:03:05.020120,2023-04-26 13:03:06.126708,0 days 00:00:01.106588,0.03646652631258777,0.0037577315527008853,0.5724094802012091,,,,PRUNED
33,0.572421783099989,2023-04-26 12:50:55.815773,2023-04-26 12:50:56.881489,0 days 00:00:01.065716,0.05100459366674592,0.0036492971519440152,0.5725501197562105,0.572421783099989,,,PRUNED
288,0.572422821956228,2023-04-26 12:59:14.854140,2023-04-26 12:59:15.899912,0 days 00:00:01.045772,0.09029891598592649,0.00221326656928467,0.572422821956228,,,,PRUNED
285,0.5724434158431778,2023-04-26 12:59:11.181981,2023-04-26 12:59:12.273726,0 days 00:00:01.091745,0.01977865698597697,0.0037578543068452156,0.5724434158431778,,,,PRUNED
319,0.5724457044459124,2023-04-26 12:59:56.502982,2023-04-26 12:59:57.697786,0 days 00:00:01.194804,0.00042366454343144646,0.0018616207455843753,0.5724457044459124,,,,PRUNED
207,0.5724793515760352,2023-04-26 12:56:52.957754,2023-04-26 12:56:54.017489,0 days 00:00:01.059735,0.03142861499518969,0.003746256207147637,0.5724793515760352,,,,PRUNED
309,0.5725216961216772,2023-04-26 12:59:41.628862,2023-04-26 12:59:42.681106,0 days 00:00:01.052244,0.10152195050438863,0.0021028601006960793,0.5725216961216772,,,,PRUNED
152,0.5725314822655432,2023-04-26 12:54:57.535048,2023-04-26 12:54:58.580633,0 days 00:00:01.045585,0.022191441046268853,0.003987147511615234,0.5725314822655432,,,,PRUNED
242,0.5725372061696951,2023-04-26 12:58:06.385432,2023-04-26 12:58:07.597335,0 days 00:00:01.211903,0.18777218784007138,0.002309638374500273,0.5725372061696951,,,,PRUNED
464,0.5725404485476792,2023-04-26 13:03:15.259803,2023-04-26 13:03:16.354563,0 days 00:00:01.094760,0.12093334639208225,0.003162314324637628,0.5725404485476792,,,,PRUNED
279,0.572540829220582,2023-04-26 12:59:00.728991,2023-04-26 12:59:01.997683,0 days 00:00:01.268692,0.05489669320878587,0.0037163072462855075,0.572540829220582,,,,PRUNED
294,0.572541446463052,2023-04-26 12:59:25.053022,2023-04-26 12:59:26.070220,0 days 00:00:01.017198,0.06265719283790924,0.0035303673677510297,0.572541446463052,,,,PRUNED
324,0.5725421554502874,2023-04-26 13:00:02.315372,2023-04-26 13:00:03.346624,0 days 00:00:01.031252,0.02176681212762035,0.0038736379994577783,0.5725421554502874,,,,PRUNED
137,0.5725659474560086,2023-04-26 12:54:20.727662,2023-04-26 12:54:22.015888,0 days 00:00:01.288226,0.07697918551531217,0.0035442350986009375,0.5725659474560086,,,,PRUNED
478,0.5725665246474453,2023-04-26 13:03:37.698830,2023-04-26 13:03:38.701417,0 days 00:00:01.002587,0.0005358072679849623,0.004000393957530277,0.5725665246474453,,,,PRUNED
379,0.5725764523679648,2023-04-26 13:01:20.055096,2023-04-26 13:01:21.070848,0 days 00:00:01.015752,0.018148077357672945,0.003929348308548786,0.5725764523679648,,,,PRUNED
301,0.572580136064325,2023-04-26 12:59:33.011824,2023-04-26 12:59:34.037404,0 days 00:00:01.025580,0.07549864046227903,0.0033405990305777583,0.572580136064325,,,,PRUNED
314,0.5725808263424838,2023-04-26 12:59:51.005892,2023-04-26 12:59:52.137487,0 days 00:00:01.131595,0.1998379456207326,0.0021841403621816447,0.5725808263424838,,,,PRUNED
83,0.5725873035675653,2023-04-26 12:52:39.139629,2023-04-26 12:52:40.360500,0 days 00:00:01.220871,0.005683669579455846,0.004124624189883794,0.5725873035675653,,,,PRUNED
59,0.5725910356750762,2023-04-26 12:51:42.207917,2023-04-26 12:51:43.292616,0 days 00:00:01.084699,0.0014131300417311934,0.0013515928569792926,0.5725910356750762,,,,PRUNED
351,0.5726162356172584,2023-04-26 13:00:36.841956,2023-04-26 13:00:37.863561,0 days 00:00:01.021605,0.021603799365360554,0.001763224966445316,0.5726162356172584,,,,PRUNED
276,0.5726193727725257,2023-04-26 12:58:57.248527,2023-04-26 12:58:58.595038,0 days 00:00:01.346511,0.20766718860593636,0.002061499416036387,0.5726193727725257,,,,PRUNED
467,0.5726203974907216,2023-04-26 13:03:22.266976,2023-04-26 13:03:23.383238,0 days 00:00:01.116262,0.018044701590542327,0.004099549206555505,0.5726203974907216,,,,PRUNED
23,0.5726251264422448,2023-04-26 12:50:40.939346,2023-04-26 12:50:42.151635,0 days 00:00:01.212289,0.1751884504174427,0.0026391147998185748,0.5725238740312822,0.5726251264422448,,,PRUNED
399,0.5726429172296735,2023-04-26 13:01:45.264783,2023-04-26 13:01:46.348024,0 days 00:00:01.083241,0.19608278474031504,0.001933905121317289,0.5726429172296735,,,,PRUNED
388,0.5726503394969563,2023-04-26 13:01:29.587370,2023-04-26 13:01:30.633878,0 days 00:00:01.046508,0.1306693293838393,0.0022527881347070154,0.5726503394969563,,,,PRUNED
308,0.5726564355286359,2023-04-26 12:59:40.568112,2023-04-26 12:59:41.628862,0 days 00:00:01.060750,0.016143457373215386,0.004144844260995355,0.5726564355286359,,,,PRUNED
150,0.5726627383901916,2023-04-26 12:54:51.970623,2023-04-26 12:54:52.974208,0 days 00:00:01.003585,0.05733639543271474,0.001705636917597163,0.5726627383901916,,,,PRUNED
66,0.5726787792113834,2023-04-26 12:51:50.189463,2023-04-26 12:51:51.260750,0 days 00:00:01.071287,0.16063502482029524,0.002992261031203597,0.572894895108671,0.5726787792113834,,,PRUNED
35,0.5727136835878663,2023-04-26 12:50:57.952209,2023-04-26 12:50:59.032160,0 days 00:00:01.079951,0.20900720746035087,0.002432855663780843,0.5727136835878663,,,,PRUNED
217,0.5727156583288823,2023-04-26 12:57:17.533168,2023-04-26 12:57:18.606298,0 days 00:00:01.073130,0.037043033394722535,0.004056970236298214,0.5727156583288823,,,,PRUNED
147,0.5727397739548512,2023-04-26 12:54:45.496756,2023-04-26 12:54:46.507342,0 days 00:00:01.010586,0.07856821567256565,0.0035864002875946087,0.5727397739548512,,,,PRUNED
238,0.5727439184373068,2023-04-26 12:57:58.801563,2023-04-26 12:57:59.816666,0 days 00:00:01.015103,0.027400009878734366,0.0017024655882094232,0.5727439184373068,,,,PRUNED
372,0.5727637223232476,2023-04-26 13:01:05.752132,2023-04-26 13:01:06.752240,0 days 00:00:01.000108,0.02177941217751689,0.004128751838916638,0.5727637223232476,,,,PRUNED
356,0.5727690258164001,2023-04-26 13:00:45.367217,2023-04-26 13:00:46.381082,0 days 00:00:01.013865,0.01766690934453564,0.004146747480120286,0.5727690258164001,,,,PRUNED
257,0.572772384571232,2023-04-26 12:58:29.394883,2023-04-26 12:58:30.427672,0 days 00:00:01.032789,0.01965865387867958,0.0016921343626735215,0.572772384571232,,,,PRUNED
160,0.5727796137977923,2023-04-26 12:55:09.780234,2023-04-26 12:55:10.796316,0 days 00:00:01.016082,0.08303206871520824,0.0035493802349532973,0.5727796137977923,,,,PRUNED
124,0.5727813096396737,2023-04-26 12:53:55.914963,2023-04-26 12:53:56.963142,0 days 00:00:01.048179,0.053415100940010334,0.003898207466716956,0.5727813096396737,,,,PRUNED
264,0.5727925089341266,2023-04-26 12:58:40.173274,2023-04-26 12:58:41.175420,0 days 00:00:01.002146,0.11184000227558583,0.0018853297147521009,0.5727925089341266,,,,PRUNED
88,0.5727942852628981,2023-04-26 12:52:44.983171,2023-04-26 12:52:46.076802,0 days 00:00:01.093631,0.055938640038925465,0.0013374487519243147,0.5727942852628981,,,,PRUNED
130,0.5727979159252244,2023-04-26 12:54:09.433376,2023-04-26 12:54:10.455435,0 days 00:00:01.022059,0.06552111894497191,0.0036954382709669035,0.5727979159252244,,,,PRUNED
312,0.5728023982312275,2023-04-26 12:59:45.317694,2023-04-26 12:59:46.425418,0 days 00:00:01.107724,0.036335934509687265,0.0016759515867438908,0.5728023982312275,,,,PRUNED
169,0.5728091400326873,2023-04-26 12:55:29.585398,2023-04-26 12:55:30.612724,0 days 00:00:01.027326,0.04138919232918145,0.0040415016798556165,0.5728091400326873,,,,PRUNED
317,0.5728101074003599,2023-04-26 12:59:54.384901,2023-04-26 12:59:55.439696,0 days 00:00:01.054795,0.16429697362779205,0.0027333144502150295,0.5728101074003599,,,,PRUNED
364,0.5728195499563562,2023-04-26 13:00:53.664567,2023-04-26 13:00:54.728162,0 days 00:00:01.063595,0.10282548664996616,0.0035894428215985583,0.5728195499563562,,,,PRUNED
377,0.572822080037642,2023-04-26 13:01:14.531839,2023-04-26 13:01:15.580555,0 days 00:00:01.048716,0.16168054211309846,0.0028294487278063486,0.572822080037642,,,,PRUNED
343,0.5728395392896518,2023-04-26 13:00:27.868490,2023-04-26 13:00:28.897585,0 days 00:00:01.029095,0.0011759160526597988,0.004278464847399058,0.5728395392896518,,,,PRUNED
278,0.5728416050155998,2023-04-26 12:58:59.668661,2023-04-26 12:59:00.728491,0 days 00:00:01.059830,0.01788107109666607,0.001658929624471865,0.5728416050155998,,,,PRUNED
176,0.5728443320650952,2023-04-26 12:55:40.906794,2023-04-26 12:55:41.926449,0 days 00:00:01.019655,0.018010172577251356,0.004226236203735651,0.5728443320650952,,,,PRUNED
315,0.5728680120121741,2023-04-26 12:59:52.137986,2023-04-26 12:59:53.297274,0 days 00:00:01.159288,0.06451816191226499,0.0013088970741879306,0.5728680120121741,,,,PRUNED
60,0.5728878320341633,2023-04-26 12:51:43.293116,2023-04-26 12:51:44.372695,0 days 00:00:01.079579,0.2514558389182424,0.0020608042665935518,0.5728878320341633,,,,PRUNED
376,0.5728895875718988,2023-04-26 13:01:13.495229,2023-04-26 13:01:14.531339,0 days 00:00:01.036110,0.06981243727930714,0.0016293264196336193,0.5728895875718988,,,,PRUNED
25,0.5728906236666597,2023-04-26 12:50:43.152227,2023-04-26 12:50:44.385633,0 days 00:00:01.233406,0.19536936160403726,0.0014418062519678848,0.5728906236666597,,,,PRUNED
89,0.5729461902607109,2023-04-26 12:52:46.077302,2023-04-26 12:52:47.312380,0 days 00:00:01.235078,0.08076211172409745,0.0037534682443668517,0.5729461902607109,,,,PRUNED
144,0.5729568872507654,2023-04-26 12:54:38.931368,2023-04-26 12:54:40.013515,0 days 00:00:01.082147,2.3891176226084132e-05,0.004487809867247409,0.5729568872507654,,,,PRUNED
118,0.5729588370115968,2023-04-26 12:53:42.585943,2023-04-26 12:53:43.600090,0 days 00:00:01.014147,0.00011569035341500115,0.0016565528903720128,0.5729588370115968,,,,PRUNED
189,0.5729904034058393,2023-04-26 12:56:15.436446,2023-04-26 12:56:16.526703,0 days 00:00:01.090257,0.07081569848068824,0.001271590812297247,0.5729904034058393,,,,PRUNED
398,0.5729914278932704,2023-04-26 13:01:44.202690,2023-04-26 13:01:45.264283,0 days 00:00:01.061593,0.184933752837978,0.0015419066190394154,0.5729914278932704,,,,PRUNED
116,0.5730031703849859,2023-04-26 12:53:40.270002,2023-04-26 12:53:41.516697,0 days 00:00:01.246695,0.04349397629415401,0.004232895583638721,0.5730031703849859,,,,PRUNED
202,0.5730131424999374,2023-04-26 12:56:43.866741,2023-04-26 12:56:44.947872,0 days 00:00:01.081131,0.24948202594588897,0.0023618347396388364,0.5730131424999374,,,,PRUNED
20,0.5730550791922097,2023-04-26 12:50:37.619874,2023-04-26 12:50:38.666096,0 days 00:00:01.046222,0.2864642469325547,0.0019059970934207184,0.5733715136403892,0.5730550791922097,,,PRUNED
28,0.5730645153463231,2023-04-26 12:50:46.474794,2023-04-26 12:50:47.695443,0 days 00:00:01.220649,0.12404030771653674,0.0011522191403918237,0.5736217459445359,0.5730645153463231,,,PRUNED
481,0.5730667093968665,2023-04-26 13:03:40.921719,2023-04-26 13:03:41.935802,0 days 00:00:01.014083,0.03545937270204173,0.001566836212227442,0.5730667093968665,,,,PRUNED
158,0.5730667953614045,2023-04-26 12:55:07.629813,2023-04-26 12:55:08.679005,0 days 00:00:01.049192,0.1872184581314764,0.0028887311504468926,0.5730667953614045,,,,PRUNED
227,0.5730788991587858,2023-04-26 12:57:39.041989,2023-04-26 12:57:40.118263,0 days 00:00:01.076274,0.28514563988489955,0.0018155224321043993,0.5730788991587858,,,,PRUNED
163,0.5730851753157454,2023-04-26 12:55:19.834223,2023-04-26 12:55:20.895774,0 days 00:00:01.061551,0.22101612040407642,0.002803747290884319,0.5730851753157454,,,,PRUNED
248,0.5730939250511763,2023-04-26 12:58:16.604559,2023-04-26 12:58:17.619678,0 days 00:00:01.015119,0.03807820629691512,0.0015543812002530722,0.5730939250511763,,,,PRUNED
168,0.573098913397088,2023-04-26 12:55:28.557809,2023-04-26 12:55:29.585398,0 days 00:00:01.027589,0.270058388838632,0.0023754428633073936,0.573098913397088,,,,PRUNED
95,0.5731005366524411,2023-04-26 12:52:59.907019,2023-04-26 12:53:00.947138,0 days 00:00:01.040119,0.029555670176240452,0.004400028295059696,0.5731005366524411,,,,PRUNED
316,0.5731081148482974,2023-04-26 12:59:53.297774,2023-04-26 12:59:54.384397,0 days 00:00:01.086623,0.0009142785536190084,0.00461250940640012,0.5731081148482974,,,,PRUNED
107,0.5731189323399268,2023-04-26 12:53:20.257940,2023-04-26 12:53:21.296547,0 days 00:00:01.038607,0.04050316255627841,0.0015436023244926893,0.5731189323399268,,,,PRUNED
403,0.5731295389579321,2023-04-26 13:01:49.640130,2023-04-26 13:01:50.657849,0 days 00:00:01.017719,0.09593872004288126,0.0038295165538182285,0.5731295389579321,,,,PRUNED
98,0.573139101767903,2023-04-26 12:53:03.117832,2023-04-26 12:53:04.176422,0 days 00:00:01.058590,0.05568258355797118,0.0012399072475196215,0.573139101767903,,,,PRUNED
415,0.5731634127426827,2023-04-26 13:02:02.789241,2023-04-26 13:02:03.833370,0 days 00:00:01.044129,0.05275346629137304,0.004224706649840382,0.5731634127426827,,,,PRUNED
445,0.5731665678195272,2023-04-26 13:02:53.404928,2023-04-26 13:02:54.467660,0 days 00:00:01.062732,0.1678276094900344,0.0019487134173335047,0.5731665678195272,,,,PRUNED
394,0.5731721485857126,2023-04-26 13:01:39.666735,2023-04-26 13:01:40.682484,0 days 00:00:01.015749,0.04395616663030648,0.004340776813746713,0.5731721485857126,,,,PRUNED
99,0.5731862920659503,2023-04-26 12:53:04.176921,2023-04-26 12:53:05.186177,0 days 00:00:01.009256,0.0814494665609373,0.0015297527725490116,0.5731862920659503,,,,PRUNED
453,0.5732139418349723,2023-04-26 13:03:02.850512,2023-04-26 13:03:03.966582,0 days 00:00:01.116070,0.00018574022211304345,0.0011636192967966425,0.5732139418349723,,,,PRUNED
135,0.5732259983413693,2023-04-26 12:54:18.695534,2023-04-26 12:54:19.715991,0 days 00:00:01.020457,0.0004986743961258328,0.0015522260418549556,0.5732259983413693,,,,PRUNED
157,0.5732288024928933,2023-04-26 12:55:06.545314,2023-04-26 12:55:07.629313,0 days 00:00:01.083999,0.06077891365149379,0.00428082834121875,0.5732288024928933,,,,PRUNED
105,0.5732386765313066,2023-04-26 12:53:17.902138,2023-04-26 12:53:19.006738,0 days 00:00:01.104600,0.10830969795311765,0.0039037709214872294,0.5732386765313066,,,,PRUNED
47,0.5732387452162643,2023-04-26 12:51:18.690025,2023-04-26 12:51:19.761257,0 days 00:00:01.071232,0.17412109155926764,0.0033738574249181693,0.5733525955117139,0.5732387452162643,,,PRUNED
275,0.5732397518927402,2023-04-26 12:58:56.178992,2023-04-26 12:58:57.248027,0 days 00:00:01.069035,0.03423433560408025,0.00448774024337443,0.5732397518927402,,,,PRUNED
167,0.5732417541565981,2023-04-26 12:55:27.552225,2023-04-26 12:55:28.557809,0 days 00:00:01.005584,0.02041304218311904,0.0015199706542024253,0.5732417541565981,,,,PRUNED
348,0.5733145848759519,2023-04-26 13:00:33.326562,2023-04-26 13:00:34.359657,0 days 00:00:01.033095,0.31498919065958597,0.00200928901714432,0.5733145848759519,,,,PRUNED
446,0.5733365698984986,2023-04-26 13:02:54.468160,2023-04-26 13:02:55.752989,0 days 00:00:01.284829,0.27931356905776383,0.0023424458618524777,0.5733365698984986,,,,PRUNED
197,0.5733839388745138,2023-04-26 12:56:31.271509,2023-04-26 12:56:32.303111,0 days 00:00:01.031602,0.00742674567887958,0.004734861082829108,0.5733839388745138,,,,PRUNED
342,0.5733895224509397,2023-04-26 13:00:26.794842,2023-04-26 13:00:27.867991,0 days 00:00:01.073149,0.17999587406584153,0.003436919639268065,0.5733895224509397,,,,PRUNED
492,0.5733909055948413,2023-04-26 13:03:56.110597,2023-04-26 13:03:57.108795,0 days 00:00:00.998198,0.3020941016417902,0.001923949196502156,0.5733909055948413,,,,PRUNED
220,0.5733968019454411,2023-04-26 12:57:20.736567,2023-04-26 12:57:21.872440,0 days 00:00:01.135873,0.3301414730055649,0.0019690666134732026,0.5733968019454411,,,,PRUNED
175,0.5734740673986056,2023-04-26 12:55:39.889716,2023-04-26 12:55:40.906794,0 days 00:00:01.017078,0.30717095903369707,0.0018657292356060837,0.5734740673986056,,,,PRUNED
397,0.5735022213007314,2023-04-26 13:01:43.181029,2023-04-26 13:01:44.202190,0 days 00:00:01.021161,0.2759013314698151,0.0027845802962973734,0.5735022213007314,,,,PRUNED
339,0.5735246119042545,2023-04-26 13:00:23.303907,2023-04-26 13:00:24.331007,0 days 00:00:01.027100,0.35997094557149784,0.001853886233860044,0.5735246119042545,,,,PRUNED
433,0.5735269829146405,2023-04-26 13:02:33.543578,2023-04-26 13:02:34.585837,0 days 00:00:01.042259,0.030350979540310626,0.0014167277849868759,0.5735269829146405,,,,PRUNED
38,0.5735310399889212,2023-04-26 12:51:01.336403,2023-04-26 12:51:02.570006,0 days 00:00:01.233603,0.048289261098970596,0.004607833077128377,0.5735310399889212,,,,PRUNED
381,0.573550062704345,2023-04-26 13:01:22.306617,2023-04-26 13:01:23.338727,0 days 00:00:01.032110,0.0001637887682779792,0.004929816003213562,0.573550062704345,,,,PRUNED
104,0.5735546362462902,2023-04-26 12:53:16.661528,2023-04-26 12:53:17.901637,0 days 00:00:01.240109,0.017276111804254347,0.0048830471080850485,0.5735546362462902,,,,PRUNED
145,0.5736318030339155,2023-04-26 12:54:40.014016,2023-04-26 12:54:41.039602,0 days 00:00:01.025586,0.0418837363908552,0.0013988916666202705,0.5736318030339155,,,,PRUNED
256,0.5736430783206373,2023-04-26 12:58:28.349657,2023-04-26 12:58:29.394382,0 days 00:00:01.044725,0.03195697619159017,0.004833096799141324,0.5736430783206373,,,,PRUNED
210,0.5736432309743542,2023-04-26 12:57:03.090797,2023-04-26 12:57:04.157897,0 days 00:00:01.067100,0.22921607392799564,0.003224615701479745,0.5736432309743542,,,,PRUNED
68,0.5736873199537077,2023-04-26 12:51:52.279483,2023-04-26 12:51:53.290070,0 days 00:00:01.010587,0.13257445256255984,0.0040148517163290705,0.5736873199537077,,,,PRUNED
416,0.5737132147552219,2023-04-26 13:02:03.833871,2023-04-26 13:02:04.895507,0 days 00:00:01.061636,0.2284850256604587,0.0032246185632626503,0.5737132147552219,,,,PRUNED
483,0.5737232851560559,2023-04-26 13:03:42.993740,2023-04-26 13:03:44.060405,0 days 00:00:01.066665,0.32175084987744224,0.002575177241944471,0.5737232851560559,,,,PRUNED
360,0.5737560616031089,2023-04-26 13:00:49.567509,2023-04-26 13:00:50.582458,0 days 00:00:01.014949,0.03235901981938798,0.004918447108005784,0.5737560616031089,,,,PRUNED
64,0.5737670024163384,2023-04-26 12:51:48.120278,2023-04-26 12:51:49.149370,0 days 00:00:01.029092,0.08181104835394448,0.0013384165343578304,0.5737670024163384,,,,PRUNED
26,0.5737901579199582,2023-04-26 12:50:44.386133,2023-04-26 12:50:45.425878,0 days 00:00:01.039745,0.10240210189371012,0.004378907221183853,0.5738206468908285,0.5737901579199582,,,PRUNED
29,0.5737940113461096,2023-04-26 12:50:47.695443,2023-04-26 12:50:48.965701,0 days 00:00:01.270258,0.31584647439258906,0.0024675884821748224,0.5735548155489617,0.5737940113461096,,,PRUNED
261,0.5738044573412966,2023-04-26 12:58:37.099436,2023-04-26 12:58:38.099497,0 days 00:00:01.000061,0.27674258054193235,0.0030775589258499074,0.5738044573412966,,,,PRUNED
260,0.5738098165539269,2023-04-26 12:58:36.091575,2023-04-26 12:58:37.098430,0 days 00:00:01.006855,0.17618621411226176,0.003739807167776643,0.5738098165539269,,,,PRUNED
284,0.5738149377209308,2023-04-26 12:59:10.136709,2023-04-26 12:59:11.181481,0 days 00:00:01.044772,0.3590231794895396,0.0023636226646281486,0.5738149377209308,,,,PRUNED
302,0.573816901366858,2023-04-26 12:59:34.037905,2023-04-26 12:59:35.100495,0 days 00:00:01.062590,0.0209052485044807,0.005072320708720059,0.573816901366858,,,,PRUNED
389,0.5738236033768706,2023-04-26 13:01:30.634377,2023-04-26 13:01:31.659639,0 days 00:00:01.025262,0.34268167113580084,0.0025748415787815943,0.5738236033768706,,,,PRUNED
413,0.5738521110775964,2023-04-26 13:02:00.678474,2023-04-26 13:02:01.688600,0 days 00:00:01.010126,0.3362430318056001,0.002724326088004268,0.5738521110775964,,,,PRUNED
255,0.5738865427209181,2023-04-26 12:58:27.311682,2023-04-26 12:58:28.349657,0 days 00:00:01.037975,0.22672188566004514,0.0033808851660079298,0.5738865427209181,,,,PRUNED
266,0.5739148614930736,2023-04-26 12:58:42.399175,2023-04-26 12:58:43.661817,0 days 00:00:01.262642,0.2490656412166149,0.0032070524914084853,0.5739148614930736,,,,PRUNED
335,0.5739204380139963,2023-04-26 13:00:18.597362,2023-04-26 13:00:19.694400,0 days 00:00:01.097038,0.3405696437291512,0.0025744378767123435,0.5739204380139963,,,,PRUNED
350,0.5739401483660764,2023-04-26 13:00:35.599802,2023-04-26 13:00:36.841456,0 days 00:00:01.241654,0.2530213989844699,0.0031932353066047754,0.5739401483660764,,,,PRUNED
188,0.5739662939479199,2023-04-26 12:56:14.407696,2023-04-26 12:56:15.435946,0 days 00:00:01.028250,0.16364441076143021,0.0014584604289481096,0.5739662939479199,,,,PRUNED
136,0.5739668423592967,2023-04-26 12:54:19.716491,2023-04-26 12:54:20.727161,0 days 00:00:01.010670,0.09955490519183009,0.004514965720025139,0.5739668423592967,,,,PRUNED
385,0.5740198003609115,2023-04-26 13:01:26.516748,2023-04-26 13:01:27.535861,0 days 00:00:01.019113,0.29722303305339104,0.0030676682678626166,0.5740198003609115,,,,PRUNED
338,0.5740811860653704,2023-04-26 13:00:22.056142,2023-04-26 13:00:23.303407,0 days 00:00:01.247265,0.015497524129897777,0.0053005626445436485,0.5740811860653704,,,,PRUNED
289,0.5741066987008384,2023-04-26 12:59:15.900411,2023-04-26 12:59:17.169186,0 days 00:00:01.268775,0.26317490367002344,0.0032313012746373456,0.5741066987008384,,,,PRUNED
311,0.5741761417467539,2023-04-26 12:59:43.993746,2023-04-26 12:59:45.317195,0 days 00:00:01.323449,0.22996729448083753,0.003559933049502707,0.5741761417467539,,,,PRUNED
489,0.5741798083901214,2023-04-26 13:03:52.743235,2023-04-26 13:03:53.753832,0 days 00:00:01.010597,0.39057671987118237,0.002326986538354214,0.5741798083901214,,,,PRUNED
423,0.5742561258637385,2023-04-26 13:02:15.372522,2023-04-26 13:02:16.511299,0 days 00:00:01.138777,0.21392590899949354,0.003769895973168186,0.5742561258637385,,,,PRUNED
390,0.5742743678391151,2023-04-26 13:01:31.659639,2023-04-26 13:01:32.916787,0 days 00:00:01.257148,0.06347710726299287,0.0008002767958221282,0.5742743678391151,,,,PRUNED
57,0.574286900365551,2023-04-26 12:51:40.133111,2023-04-26 12:51:41.173816,0 days 00:00:01.040705,0.18120835459606469,0.004043478524818389,0.574286900365551,,,,PRUNED
239,0.5742894521540014,2023-04-26 12:57:59.816666,2023-04-26 12:58:00.926570,0 days 00:00:01.109904,0.1365219130928474,0.004438157993323983,0.5742894521540014,,,,PRUNED
166,0.5743105320123638,2023-04-26 12:55:26.555144,2023-04-26 12:55:27.552225,0 days 00:00:00.997081,0.051825881882451214,0.005160610075554715,0.5743105320123638,,,,PRUNED
125,0.5743807532061758,2023-04-26 12:53:56.963142,2023-04-26 12:53:58.211248,0 days 00:00:01.248106,0.0844619076237859,0.004944523079761408,0.5743807532061758,,,,PRUNED
439,0.5744283363887822,2023-04-26 13:02:46.865572,2023-04-26 13:02:47.953850,0 days 00:00:01.088278,0.4070276817541212,0.0023004463387353495,0.5744283363887822,,,,PRUNED
380,0.5744380063945287,2023-04-26 13:01:21.071349,2023-04-26 13:01:22.306117,0 days 00:00:01.234768,0.2842372131843279,0.003275281833296351,0.5744380063945287,,,,PRUNED
90,0.5744434561929782,2023-04-26 12:52:47.312879,2023-04-26 12:52:48.387553,0 days 00:00:01.074674,0.022739237544026465,0.005519899919263509,0.5744434561929782,,,,PRUNED
78,0.5744531562706247,2023-04-26 12:52:23.560183,2023-04-26 12:52:24.628377,0 days 00:00:01.068194,0.09449794804588076,0.004924149076748108,0.5744531562706247,,,,PRUNED
39,0.574463309416311,2023-04-26 12:51:02.570506,2023-04-26 12:51:03.907358,0 days 00:00:01.336852,0.21458696960729212,0.0008918898045610328,0.574463309416311,,,,PRUNED
440,0.5744924816106455,2023-04-26 13:02:47.954350,2023-04-26 13:02:49.240214,0 days 00:00:01.285864,0.30318241377092137,0.0009843283780841816,0.5744924816106455,,,,PRUNED
86,0.5745208219578447,2023-04-26 12:52:42.858813,2023-04-26 12:52:43.932073,0 days 00:00:01.073260,0.1188474117797173,0.004749499881300127,0.5745208219578447,,,,PRUNED
190,0.5745283915092123,2023-04-26 12:56:16.527203,2023-04-26 12:56:17.551303,0 days 00:00:01.024100,0.20518531867844228,0.0039773382963080185,0.5745283915092123,,,,PRUNED
113,0.5745335959002662,2023-04-26 12:53:33.499740,2023-04-26 12:53:34.714140,0 days 00:00:01.214400,0.002760047619748551,0.005740717754594469,0.5745335959002662,,,,PRUNED
386,0.5746490191713984,2023-04-26 13:01:27.536360,2023-04-26 13:01:28.582285,0 days 00:00:01.045925,0.2418551593314049,0.0013240167992766034,0.5746490191713984,,,,PRUNED
277,0.574830673768916,2023-04-26 12:58:58.595539,2023-04-26 12:58:59.668161,0 days 00:00:01.072622,0.04072983943235078,0.001180638444226336,0.574830673768916,,,,PRUNED
431,0.5748416221169121,2023-04-26 13:02:31.364939,2023-04-26 13:02:32.424308,0 days 00:00:01.059369,0.32266193442627367,0.0034929805774612586,0.5748416221169121,,,,PRUNED
296,0.5749498713247011,2023-04-26 12:59:27.284353,2023-04-26 12:59:28.384252,0 days 00:00:01.099899,0.12569735256289638,0.0008843146540558714,0.5749498713247011,,,,PRUNED
320,0.5749962442634656,2023-04-26 12:59:57.698287,2023-04-26 12:59:58.985942,0 days 00:00:01.287655,0.43028188108963283,0.002412037914797284,0.5749962442634656,,,,PRUNED
129,0.575093120854116,2023-04-26 12:54:08.427288,2023-04-26 12:54:09.432876,0 days 00:00:01.005588,0.0006712604327094472,0.006152569235939059,0.575093120854116,,,,PRUNED
393,0.575116283594584,2023-04-26 13:01:38.395617,2023-04-26 13:01:39.666235,0 days 00:00:01.270618,0.3879947754742301,0.002974611379881887,0.575116283594584,,,,PRUNED
49,0.5752152544556915,2023-04-26 12:51:20.992075,2023-04-26 12:51:22.008189,0 days 00:00:01.016114,0.13151649949440286,0.005098860782658463,0.5752152544556915,,,,PRUNED
395,0.5752219765203236,2023-04-26 13:01:40.682984,2023-04-26 13:01:41.953805,0 days 00:00:01.270821,0.4582858891226963,0.00230085527506339,0.5752219765203236,,,,PRUNED
67,0.5752793886894209,2023-04-26 12:51:51.260750,2023-04-26 12:51:52.278983,0 days 00:00:01.018233,0.061966339688899134,0.0058010471307923025,0.5752793886894209,,,,PRUNED
405,0.5753029925012725,2023-04-26 13:01:51.885103,2023-04-26 13:01:52.890695,0 days 00:00:01.005592,0.019444421130622305,0.0011411966972056993,0.5753029925012725,,,,PRUNED
43,0.575403864167579,2023-04-26 12:51:07.576839,2023-04-26 12:51:08.591547,0 days 00:00:01.014708,0.10700384334210578,0.0010543640867773827,0.575403864167579,,,,PRUNED
361,0.5754135526168062,2023-04-26 13:00:50.582957,2023-04-26 13:00:51.590122,0 days 00:00:01.007165,0.43097348223947207,0.002827498939483787,0.5754135526168062,,,,PRUNED
367,0.5754218902867013,2023-04-26 13:00:56.905536,2023-04-26 13:00:57.927923,0 days 00:00:01.022387,0.03286132233410873,0.0061549121186879815,0.5754218902867013,,,,PRUNED
156,0.5754479324620406,2023-04-26 12:55:05.508217,2023-04-26 12:55:06.544814,0 days 00:00:01.036597,0.47033005492159646,0.002308812582907831,0.5754479324620406,,,,PRUNED
384,0.5754870926071228,2023-04-26 13:01:25.467134,2023-04-26 13:01:26.516248,0 days 00:00:01.049114,0.5249283273465225,0.0017672570464304625,0.5754870926071228,,,,PRUNED
65,0.5755643267096532,2023-04-26 12:51:49.149870,2023-04-26 12:51:50.188964,0 days 00:00:01.039094,0.019018166152892375,0.0011113849907878435,0.5755643267096532,,,,PRUNED
22,0.5755693512161332,2023-04-26 12:50:39.723720,2023-04-26 12:50:40.938846,0 days 00:00:01.215126,0.0679883596592443,0.0059145499291679915,0.5755467849485733,0.5755693512161332,,,PRUNED
471,0.5756768671855274,2023-04-26 13:03:26.793290,2023-04-26 13:03:31.162036,0 days 00:00:04.368746,0.0002922784698581723,0.0028033730528983876,0.5715253377465345,0.5714898330640387,,,COMPLETE
180,0.5756810937960318,2023-04-26 12:55:45.287893,2023-04-26 12:55:49.766082,0 days 00:00:04.478189,0.0006527425460412257,0.002949018226527067,0.5715737610999737,0.571556348192408,,,COMPLETE
290,0.5756908442301413,2023-04-26 12:59:17.169686,2023-04-26 12:59:21.622346,0 days 00:00:04.452660,0.0012349177410454224,0.002730631553828401,0.571918123111891,0.571535553878375,0.5714810745607463,,COMPLETE
128,0.5756936007502437,2023-04-26 12:54:03.965829,2023-04-26 12:54:08.426788,0 days 00:00:04.460959,0.0014465180614813482,0.0027181001256324742,0.5714786591937324,,,,COMPLETE
143,0.5757001223353871,2023-04-26 12:54:34.498743,2023-04-26 12:54:38.930869,0 days 00:00:04.432126,0.002284823875114913,0.0027062822047467087,0.5719234260823071,0.5715350024407441,0.5714796164174437,,COMPLETE
231,0.5757008638594897,2023-04-26 12:57:43.653444,2023-04-26 12:57:48.123049,0 days 00:00:04.469605,0.0008747707770275937,0.0026399514967524493,0.5715157626373291,0.5714481396717455,,,COMPLETE
112,0.5757037791992642,2023-04-26 12:53:29.060378,2023-04-26 12:53:33.499240,0 days 00:00:04.438862,0.004226340329114859,0.0027924811605977836,0.5715580962869625,0.57151795579328,,,COMPLETE
80,0.5757053069409338,2023-04-26 12:52:25.715483,2023-04-26 12:52:30.291810,0 days 00:00:04.576327,0.0030465245528280708,0.0027017616838169657,0.5715364225811311,0.571482441711713,,,COMPLETE
208,0.5757064606462236,2023-04-26 12:56:54.017989,2023-04-26 12:56:58.596436,0 days 00:00:04.578447,0.0010809339442655749,0.00261717168216359,0.5719279703121423,0.57151116296294,0.5714416510759054,,COMPLETE
211,0.5757071175543309,2023-04-26 12:57:04.157897,2023-04-26 12:57:08.604525,0 days 00:00:04.446628,0.0004977152265330967,0.0025972560595489158,0.571507178545727,0.5714322323023069,,,COMPLETE
305,0.5757078105409351,2023-04-26 12:59:37.344531,2023-04-26 12:59:38.393360,0 days 00:00:01.048829,0.5367876699516883,0.0018506836025649917,0.5757078105409351,,,,PRUNED
75,0.5757105281971701,2023-04-26 12:52:13.520989,2023-04-26 12:52:17.919078,0 days 00:00:04.398089,0.0016874447712850807,0.002615927129016431,0.5719278726636254,0.5715124799474873,0.5714443998786432,,COMPLETE
110,0.5757107140978044,2023-04-26 12:53:23.388868,2023-04-26 12:53:27.957932,0 days 00:00:04.569064,0.00044448774629564543,0.003144106404449992,0.5716728222669836,,,,COMPLETE
82,0.5757122675940205,2023-04-26 12:52:34.739212,2023-04-26 12:52:39.139129,0 days 00:00:04.399917,0.0022260028639764784,0.0026245217154957225,0.5719272317114664,0.5715157690259909,0.5714502014570924,,COMPLETE
234,0.5757183089505659,2023-04-26 12:57:50.744962,2023-04-26 12:57:55.506726,0 days 00:00:04.761764,0.0004347906346851133,0.002551414922630214,0.5714997126786444,0.5714191346701305,,,COMPLETE
332,0.5757223199248656,2023-04-26 13:00:11.401172,2023-04-26 13:00:16.228625,0 days 00:00:04.827453,0.0002394302278823598,0.0025308978119503037,0.5714959075158104,0.5714130775306013,,,COMPLETE
204,0.5757234190501589,2023-04-26 12:56:46.044947,2023-04-26 12:56:50.604122,0 days 00:00:04.559175,0.0008833012866103883,0.0025423600376772463,0.5715011123478972,0.571418947289634,,,COMPLETE
424,0.57572802437166,2023-04-26 13:02:16.511799,2023-04-26 13:02:21.130494,0 days 00:00:04.618695,0.0010157878439110636,0.0025268657144326156,0.5719415926634578,0.5714997327272688,0.5714158298972817,,COMPLETE
76,0.5757301521791195,2023-04-26 12:52:17.919578,2023-04-26 12:52:22.341685,0 days 00:00:04.422107,0.0014597364637277538,0.0031928752740244585,0.5717174078156304,,,,COMPLETE
74,0.5757327002268979,2023-04-26 12:52:09.062341,2023-04-26 12:52:13.520487,0 days 00:00:04.458146,0.00041673226903592153,0.002502754051097739,0.5714073614862797,,,,COMPLETE
196,0.5757373691347009,2023-04-26 12:56:26.741416,2023-04-26 12:56:31.271010,0 days 00:00:04.529594,0.000744836001633987,0.002494266355167281,0.5719485877831928,0.5714953916595041,0.5714070262447526,,COMPLETE
92,0.5757440203452816,2023-04-26 12:52:49.623329,2023-04-26 12:52:54.167526,0 days 00:00:04.544197,0.001910541549835337,0.0024944737996142785,0.5715026333533358,0.5714127425574602,,,COMPLETE
11,0.5757566963330865,2023-04-26 12:50:21.399968,2023-04-26 12:50:25.940234,0 days 00:00:04.540266,0.005865267036035959,0.002526862915287375,0.5715208288315802,0.5714372017768673,,,COMPLETE
226,0.5757652330080583,2023-04-26 12:57:34.611637,2023-04-26 12:57:39.041488,0 days 00:00:04.429851,0.0007469887910387732,0.0024181772778875577,0.5719686841365011,0.5714909784217291,0.5713928024154733,,COMPLETE
81,0.5757661353104028,2023-04-26 12:52:30.292312,2023-04-26 12:52:34.738712,0 days 00:00:04.446400,0.014709616860513051,0.0028225033505778602,0.5715837826726069,,,,COMPLETE
161,0.5757729975351187,2023-04-26 12:55:10.796316,2023-04-26 12:55:15.363978,0 days 00:00:04.567662,0.015953281633207986,0.0028543276203856958,0.5716007646469149,,,,COMPLETE
141,0.5757815572407881,2023-04-26 12:54:28.764641,2023-04-26 12:54:33.242641,0 days 00:00:04.478000,0.016458157101525456,0.0027492618764052355,0.5716129896878083,0.5715801509719345,,,COMPLETE
201,0.5757819196620445,2023-04-26 12:56:39.210973,2023-04-26 12:56:43.866241,0 days 00:00:04.655268,0.012210082496384356,0.002564263460804371,0.57154825465398,0.5714815819117042,,,COMPLETE
100,0.5757933690801135,2023-04-26 12:53:05.186177,2023-04-26 12:53:09.629445,0 days 00:00:04.443268,0.01874631536460601,0.0027533217392420434,0.571585613300701,,,,COMPLETE
281,0.5757945975152903,2023-04-26 12:59:03.242026,2023-04-26 12:59:07.750888,0 days 00:00:04.508862,0.0002726219700840125,0.002343563461181804,0.5714666224123376,0.5713716067971872,,,COMPLETE
252,0.575795840619854,2023-04-26 12:58:24.173961,2023-04-26 12:58:25.227049,0 days 00:00:01.053088,0.4618990195633975,0.0028103744435937334,0.575795840619854,,,,PRUNED
182,0.5758017245462171,2023-04-26 12:55:51.060530,2023-04-26 12:55:55.507617,0 days 00:00:04.447087,0.003758411290439791,0.002372860674464802,0.5719876531459852,0.5715098744336041,0.5714010246266025,,COMPLETE
435,0.5758058849726565,2023-04-26 13:02:39.190916,2023-04-26 13:02:43.741892,0 days 00:00:04.550976,0.02078383860317373,0.0029320407778445972,0.5716593922838754,,,,COMPLETE
497,0.5758069877698512,2023-04-26 13:04:01.769837,2023-04-26 13:04:06.194613,0 days 00:00:04.424776,0.01662982851437641,0.0025623312246625665,0.5715727104368548,0.5715073229697668,,,COMPLETE
199,0.5758074362898559,2023-04-26 12:56:33.556758,2023-04-26 12:56:38.137237,0 days 00:00:04.580479,0.015347656693938845,0.0025350401259238717,0.5714930921032899,,,,COMPLETE
214,0.5758080513771775,2023-04-26 12:57:10.809456,2023-04-26 12:57:15.244351,0 days 00:00:04.434895,0.00015368164444810992,0.0023125827204223564,0.5714485195169124,0.5713601485434078,,,COMPLETE
272,0.5758089027631422,2023-04-26 12:58:49.443152,2023-04-26 12:58:54.053066,0 days 00:00:04.609914,0.016978161763803942,0.0025620979280636465,0.5715088587730824,,,,COMPLETE
359,0.5758089397668175,2023-04-26 13:00:48.495148,2023-04-26 13:00:49.567509,0 days 00:00:01.072361,0.4915687459681061,0.0024371039883457754,0.5758089397668175,,,,PRUNED
183,0.5758089477695834,2023-04-26 12:55:55.508117,2023-04-26 12:56:00.064015,0 days 00:00:04.555898,0.005785453405879979,0.0023813894778551494,0.571515534467294,0.571408395122211,,,COMPLETE
247,0.5758117041212184,2023-04-26 12:58:12.183078,2023-04-26 12:58:16.604058,0 days 00:00:04.420980,0.01776930417894328,0.0025685029468101484,0.5715795807249965,0.571512217278217,,,COMPLETE
123,0.5758118852169257,2023-04-26 12:53:51.337025,2023-04-26 12:53:55.914462,0 days 00:00:04.577437,0.02103430293473167,0.0027063197335659038,0.5715810122718854,,,,COMPLETE
313,0.5758139648450388,2023-04-26 12:59:46.425917,2023-04-26 12:59:51.005391,0 days 00:00:04.579474,0.02085980453837676,0.0026824215059386104,0.5715762570524708,,,,COMPLETE
241,0.5758228146571968,2023-04-26 12:58:01.952398,2023-04-26 12:58:06.384932,0 days 00:00:04.432534,0.016732461186437612,0.002503494593718,0.5714866688245398,,,,COMPLETE
151,0.5758250602376263,2023-04-26 12:54:52.974708,2023-04-26 12:54:57.534548,0 days 00:00:04.559840,0.0242167665161775,0.0027961125449638756,0.5716164186909168,,,,COMPLETE
221,0.5758252877501707,2023-04-26 12:57:21.872940,2023-04-26 12:57:26.341409,0 days 00:00:04.468469,0.019263301560341197,0.002541924296635472,0.5720033105167522,0.571585359220463,0.5715109188497062,,COMPLETE
430,0.5758264339490369,2023-04-26 13:02:26.838725,2023-04-26 13:02:31.363940,0 days 00:00:04.525215,0.00010923091235964908,0.0022807073879069356,0.5719625318344947,0.5714552580214982,0.5713604386181057,,COMPLETE
148,0.5758297501417995,2023-04-26 12:54:46.507342,2023-04-26 12:54:50.969625,0 days 00:00:04.462283,0.024393894620784406,0.0029269098660727444,0.5716811409308816,,,,COMPLETE
121,0.5758300603190806,2023-04-26 12:53:45.845451,2023-04-26 12:53:50.249028,0 days 00:00:04.403577,0.022861618070354826,0.002647058966558014,0.5715706639017593,,,,COMPLETE
222,0.5758309728656551,2023-04-26 12:57:26.342410,2023-04-26 12:57:31.210458,0 days 00:00:04.868048,0.020746887597588397,0.0025572656429761606,0.5720128171970911,0.5715957441656595,0.5715246820984817,,COMPLETE
93,0.5758343755095574,2023-04-26 12:52:54.168027,2023-04-26 12:52:58.667610,0 days 00:00:04.499583,0.023104672772886102,0.0026208183180580105,0.5720298940075035,0.5716214393991347,0.5715617918469429,,COMPLETE
417,0.5758405322931471,2023-04-26 13:02:04.896006,2023-04-26 13:02:09.411585,0 days 00:00:04.515579,0.017721097717396404,0.002463180256348348,0.5715764018544482,0.571482183493019,,,COMPLETE
162,0.5758465690158193,2023-04-26 12:55:15.364478,2023-04-26 12:55:19.833723,0 days 00:00:04.469245,0.01605293982567975,0.002422531793162283,0.5714651517723158,,,,COMPLETE
101,0.5758479204248134,2023-04-26 12:53:09.629945,2023-04-26 12:53:14.191787,0 days 00:00:04.561842,0.018213720321831047,0.0024448268801669083,0.5720101074115337,0.5715784966596369,0.5714776410573384,,COMPLETE
138,0.5758555249023857,2023-04-26 12:54:22.016388,2023-04-26 12:54:26.502787,0 days 00:00:04.486399,0.025782708272339652,0.0025917840792545137,0.5716330807720816,0.5715605057866099,,,COMPLETE
323,0.5758600966582583,2023-04-26 13:00:01.298504,2023-04-26 13:00:02.314872,0 days 00:00:01.016368,0.3053982619213973,0.0010881251731589786,0.5758600966582583,,,,PRUNED
187,0.5758631037823305,2023-04-26 12:56:09.959330,2023-04-26 12:56:14.407196,0 days 00:00:04.447866,0.015014546773095607,0.002372861361300846,0.5715711060596473,0.5714522804075892,,,COMPLETE
259,0.5758781119095284,2023-04-26 12:58:31.656343,2023-04-26 12:58:36.091076,0 days 00:00:04.434733,0.00024390351768457984,0.002200017494982796,0.5720135938846154,0.571474139205296,0.5713655171103108,,COMPLETE
184,0.5758835077934201,2023-04-26 12:56:00.064514,2023-04-26 12:56:04.455141,0 days 00:00:04.390627,0.002916137064645781,0.002214201241236579,0.5714814181064706,0.5713796176326652,,,COMPLETE
73,0.5758867163065112,2023-04-26 12:52:04.504409,2023-04-26 12:52:09.061841,0 days 00:00:04.557432,0.029167367893451,0.0025366666563383156,0.5719768065886467,0.5716366000935231,0.5715543357715618,,COMPLETE
193,0.5758948965902063,2023-04-26 12:56:19.873510,2023-04-26 12:56:24.441331,0 days 00:00:04.567821,0.01737487451855972,0.002331907737921594,0.5714544144057547,,,,COMPLETE
250,0.5759044392971959,2023-04-26 12:58:18.702890,2023-04-26 12:58:23.119510,0 days 00:00:04.416620,0.00018170806770133343,0.002163653974857016,0.5720433601803907,0.5714865921596687,0.5713702717224274,,COMPLETE
352,0.5759068023644498,2023-04-26 13:00:37.864060,2023-04-26 13:00:42.270255,0 days 00:00:04.406195,5.310028965078918e-05,0.0021596856342594975,0.5720474095919899,0.5714878627332108,0.5713703593093651,,COMPLETE
146,0.5759108241989352,2023-04-26 12:54:41.040102,2023-04-26 12:54:45.496256,0 days 00:00:04.456154,0.00020425839087623906,0.002155465840774656,0.5713718392985634,,,,COMPLETE
173,0.5759210636766788,2023-04-26 12:55:34.231259,2023-04-26 12:55:38.635864,0 days 00:00:04.404605,0.0010200051771077773,0.0021476970510201274,0.572054450504543,0.5714955105353285,0.5713771828123272,,COMPLETE
131,0.5759383394064936,2023-04-26 12:54:10.455435,2023-04-26 12:54:14.973509,0 days 00:00:04.518074,0.022024276667030267,0.0022923810987641267,0.5720798000794228,0.5716184546843567,0.5714743141502133,,COMPLETE
407,0.5759447837470768,2023-04-26 13:01:53.918014,2023-04-26 13:01:55.149262,0 days 00:00:01.231248,0.20484829046707154,0.004852192831916877,0.5759447837470768,,,,PRUNED
154,0.5759540745391701,2023-04-26 12:54:59.790350,2023-04-26 12:55:04.272961,0 days 00:00:04.482611,0.00013866440423390496,0.002101696142231691,0.5713839555707019,,,,COMPLETE
370,0.5759659080889729,2023-04-26 13:01:00.077211,2023-04-26 13:01:04.515176,0 days 00:00:04.437965,0.017717468094448297,0.0022121044148448715,0.5714585940974901,,,,COMPLETE
474,0.5759802266992047,2023-04-26 13:03:33.438721,2023-04-26 13:03:34.450429,0 days 00:00:01.011708,0.07693109084234456,0.0061198813721152065,0.5759802266992047,,,,PRUNED
420,0.5759808118663593,2023-04-26 13:02:11.672773,2023-04-26 13:02:12.773896,0 days 00:00:01.101123,0.567265554676672,0.0015290577451038663,0.5759808118663593,,,,PRUNED
466,0.5759906043371664,2023-04-26 13:03:17.443241,2023-04-26 13:03:22.265978,0 days 00:00:04.822737,0.0495977693400868,0.0026145049152324303,0.5717107530002192,,,,COMPLETE
418,0.5759914617704717,2023-04-26 13:02:09.412085,2023-04-26 13:02:10.485510,0 days 00:00:01.073425,0.14663490533692697,0.005405273717494753,0.5759914617704717,,,,PRUNED
31,0.57602137327559,2023-04-26 12:50:50.012506,2023-04-26 12:50:54.587241,0 days 00:00:04.574735,0.05460483109065551,0.0025952014349254556,0.5717678659133149,0.5717309510173327,,,COMPLETE
267,0.5760429864683231,2023-04-26 12:58:43.662318,2023-04-26 12:58:44.877336,0 days 00:00:01.215018,0.34368738303298374,0.004039826713473049,0.5760429864683231,,,,PRUNED
209,0.5760583238781108,2023-04-26 12:56:58.596936,2023-04-26 12:57:03.090294,0 days 00:00:04.493358,1.9007635298513154e-05,0.0019909716131776057,0.5722463294111197,0.5715879067321284,0.5714220650513847,,COMPLETE
10,0.5760617903957468,2023-04-26 12:50:16.953380,2023-04-26 12:50:21.399468,0 days 00:00:04.446088,0.03211576892149981,0.002169252913559623,0.5720980729739715,0.5716883557595902,0.5715347109540991,,COMPLETE
373,0.5760744559743253,2023-04-26 13:01:06.752240,2023-04-26 13:01:11.209442,0 days 00:00:04.457202,0.0008785879338756184,0.0019795983656166432,0.5715962800399466,0.5714304051895138,,,COMPLETE
462,0.5760859259394072,2023-04-26 13:03:12.699090,2023-04-26 13:03:14.006091,0 days 00:00:01.307001,0.240487144811681,0.004626090655854809,0.5760859259394072,,,,PRUNED
165,0.5760879833729082,2023-04-26 12:55:21.957887,2023-04-26 12:55:26.554644,0 days 00:00:04.596757,0.0009449392622374569,0.0019673150161277813,0.5716055212323791,0.5714361740583604,,,COMPLETE
392,0.5760910884732108,2023-04-26 13:01:33.986437,2023-04-26 13:01:38.394617,0 days 00:00:04.408180,0.00048153839745269456,0.0019627735547701145,0.5722875121638328,0.5716141053716681,0.5714384288372687,,COMPLETE
185,0.5760916686461626,2023-04-26 12:56:04.455641,2023-04-26 12:56:08.884948,0 days 00:00:04.429307,0.001540166687957061,0.0019665530634621234,0.5716065561388578,0.571438987782396,,,COMPLETE
454,0.5761206860271939,2023-04-26 13:03:03.967082,2023-04-26 13:03:05.019619,0 days 00:00:01.052537,0.4880455669643863,0.002644028828509228,0.5761206860271939,,,,PRUNED
378,0.5761215715252802,2023-04-26 13:01:15.581056,2023-04-26 13:01:20.054595,0 days 00:00:04.473539,0.04381246891885745,0.002168623467522222,0.5715876559924067,,,,COMPLETE
421,0.5761224623380176,2023-04-26 13:02:12.774397,2023-04-26 13:02:14.098523,0 days 00:00:01.324126,0.49314819573884766,0.002933747562861853,0.5761224623380176,,,,PRUNED
484,0.5761459495392789,2023-04-26 13:03:44.060905,2023-04-26 13:03:48.417891,0 days 00:00:04.356986,0.016867499238395943,0.001992016978990237,0.5715210955595211,,,,COMPLETE
45,0.5761460702527983,2023-04-26 12:51:13.046601,2023-04-26 12:51:17.462381,0 days 00:00:04.415780,0.04193198385976919,0.0021187480193391316,0.571710084283477,0.5715860260130633,,,COMPLETE
44,0.5761534426498137,2023-04-26 12:51:08.592047,2023-04-26 12:51:13.046101,0 days 00:00:04.454054,0.04572527788176585,0.002135307246400386,0.5717640469127112,0.5716072305053406,,,COMPLETE
434,0.5761913674568585,2023-04-26 13:02:34.586338,2023-04-26 13:02:39.190416,0 days 00:00:04.604078,3.6697185307612385e-06,0.001875234613554413,0.5714813501824801,,,,COMPLETE
127,0.5762288766029763,2023-04-26 12:53:59.434477,2023-04-26 12:54:03.965328,0 days 00:00:04.530851,0.03835559973486627,0.0020054932218532702,0.57173835503424,0.5716122335447988,,,COMPLETE
108,0.5762386506041861,2023-04-26 12:53:21.297047,2023-04-26 12:53:22.327281,0 days 00:00:01.030234,0.016011320123482987,0.0010389840706353955,0.5762386506041861,,,,PRUNED
70,0.5762730527309011,2023-04-26 12:51:54.316486,2023-04-26 12:51:58.807680,0 days 00:00:04.491194,0.07323294039367592,0.002146350619187812,0.5717389591310568,,,,COMPLETE
16,0.5762760392130193,2023-04-26 12:50:33.458028,2023-04-26 12:50:34.514507,0 days 00:00:01.056479,0.0034449843210313663,0.006996624867246217,0.5762701271809347,0.5762760392130193,,,PRUNED
336,0.5762770019849733,2023-04-26 13:00:19.694901,2023-04-26 13:00:20.954154,0 days 00:00:01.259253,0.3954751844380051,0.0036984530645767888,0.5762770019849733,,,,PRUNED
476,0.5762977993822076,2023-04-26 13:03:35.464015,2023-04-26 13:03:36.688621,0 days 00:00:01.224606,0.5864702187050074,0.0022416833025134474,0.5762977993822076,,,,PRUNED
56,0.5763312047970254,2023-04-26 12:51:35.367538,2023-04-26 12:51:40.132612,0 days 00:00:04.765074,0.029596321768623368,0.001868837340650649,0.5723010374719268,0.5717863317254777,0.5716288429595852,,COMPLETE
79,0.5763333073162253,2023-04-26 12:52:24.628876,2023-04-26 12:52:25.714983,0 days 00:00:01.086107,0.06400715246194974,0.006474956311576053,0.5763333073162253,,,,PRUNED
337,0.5763818004813067,2023-04-26 13:00:20.954654,2023-04-26 13:00:22.055642,0 days 00:00:01.100988,0.12138428922781079,0.0007142389836381471,0.5763818004813067,,,,PRUNED
449,0.5764142350398721,2023-04-26 13:02:57.932121,2023-04-26 13:02:59.055771,0 days 00:00:01.123650,0.5051579058038955,0.002931326261685409,0.5764142350398721,,,,PRUNED
51,0.5764202674890458,2023-04-26 12:51:23.035296,2023-04-26 12:51:27.459791,0 days 00:00:04.424495,0.02868810737349029,0.0018012479518345463,0.5719427463731291,0.5716881709180113,,,COMPLETE
115,0.5764343396986917,2023-04-26 12:53:35.776646,2023-04-26 12:53:40.269502,0 days 00:00:04.492856,0.09309860804115903,0.002058748075105704,0.5718730771148733,,,,COMPLETE
254,0.5764378715562297,2023-04-26 12:58:26.299146,2023-04-26 12:58:27.311682,0 days 00:00:01.012536,0.5441425595634315,0.002467869697210918,0.5764378715562297,,,,PRUNED
329,0.57645063288602,2023-04-26 13:00:07.896422,2023-04-26 13:00:09.008773,0 days 00:00:01.112351,0.017911705138378527,0.006992639676299338,0.57645063288602,,,,PRUNED
17,0.5764843782777311,2023-04-26 12:50:34.515008,2023-04-26 12:50:35.566599,0 days 00:00:01.051591,0.16475635967235558,0.005522578864424494,0.5764843782777311,,,,PRUNED
374,0.5764957310017585,2023-04-26 13:01:11.209940,2023-04-26 13:01:12.245567,0 days 00:00:01.035627,0.44251588815816023,0.0034213268653955076,0.5764957310017585,,,,PRUNED
456,0.5765282187608283,2023-04-26 13:03:06.127208,2023-04-26 13:03:07.160094,0 days 00:00:01.032886,0.573507773154754,0.0020869001769935574,0.5765282187608283,,,,PRUNED
179,0.5765332429393999,2023-04-26 12:55:44.221636,2023-04-26 12:55:45.287393,0 days 00:00:01.065757,0.6200709780685021,0.0016469565789058527,0.5765332429393999,,,,PRUNED
53,0.5767124846760104,2023-04-26 12:51:28.680923,2023-04-26 12:51:29.697951,0 days 00:00:01.017028,0.03477913170894331,0.007031900619955358,0.5767124846760104,,,,PRUNED
422,0.5768380127811851,2023-04-26 13:02:14.099023,2023-04-26 13:02:15.372023,0 days 00:00:01.273000,0.6583310181449022,0.00208027216919165,0.5768380127811851,,,,PRUNED
72,0.576839843968807,2023-04-26 12:52:00.033843,2023-04-26 12:52:04.503909,0 days 00:00:04.470066,0.11331084935170191,0.0017421168810946967,0.5720706875928055,,,,COMPLETE
357,0.5768663745534146,2023-04-26 13:00:46.381082,2023-04-26 13:00:47.407540,0 days 00:00:01.026458,0.04714383177155217,0.0009508329229407719,0.5768663745534146,,,,PRUNED
12,0.5769624385986335,2023-04-26 12:50:25.940735,2023-04-26 12:50:30.349375,0 days 00:00:04.408640,0.01335410881917265,0.0014580273583643603,0.5719765047740696,,,,COMPLETE
457,0.577054125714925,2023-04-26 13:03:07.160594,2023-04-26 13:03:08.187316,0 days 00:00:01.026722,0.5386774552480009,0.00308625832488485,0.577054125714925,,,,PRUNED
42,0.5771684960873539,2023-04-26 12:51:06.303707,2023-04-26 12:51:07.576339,0 days 00:00:01.272632,0.506214901930316,0.0035926866308038513,0.5771684960873539,,,,PRUNED
87,0.5772735684947842,2023-04-26 12:52:43.932575,2023-04-26 12:52:44.982670,0 days 00:00:01.050095,0.00278574057130569,0.0077247575919995575,0.5772735684947842,,,,PRUNED
498,0.5773116613303629,2023-04-26 13:04:06.195114,2023-04-26 13:04:07.201248,0 days 00:00:01.006134,0.5929120212957462,0.0029431441853943366,0.5773116613303629,,,,PRUNED
331,0.5773957247472574,2023-04-26 13:00:10.107994,2023-04-26 13:00:11.400673,0 days 00:00:01.292679,0.6070633235966987,0.0031140046256850004,0.5773957247472574,,,,PRUNED
438,0.5773976018157019,2023-04-26 13:02:45.840069,2023-04-26 13:02:46.865071,0 days 00:00:01.025002,0.4106193311258326,0.004261666151693218,0.5773976018157019,,,,PRUNED
499,0.5774951978530576,2023-04-26 13:04:07.201748,2023-04-26 13:04:08.436456,0 days 00:00:01.234708,0.5230423631790901,0.0036722038662529463,0.5774951978530576,,,,PRUNED
365,0.5775169297646636,2023-04-26 13:00:54.728662,2023-04-26 13:00:55.825424,0 days 00:00:01.096762,0.71650172130223,0.0013233135463539844,0.5775169297646636,,,,PRUNED
0,0.57786812174385,2023-04-26 12:49:42.008557,2023-04-26 12:49:46.419242,0 days 00:00:04.410685,0.346756069675324,0.0025254117608099432,,,,,COMPLETE
382,0.5779056940808168,2023-04-26 13:01:23.339227,2023-04-26 13:01:24.398320,0 days 00:00:01.059093,0.6881760599228401,0.00253237676006239,0.5779056940808168,,,,PRUNED
58,0.5779707532478519,2023-04-26 12:51:41.174316,2023-04-26 12:51:42.207418,0 days 00:00:01.033102,0.09166024151261362,0.0008196429152269332,0.5779707532478519,,,,PRUNED
488,0.5782705834003773,2023-04-26 13:03:51.728021,2023-04-26 13:03:52.743235,0 days 00:00:01.015214,0.35966006384944965,0.005050823248188648,0.5782705834003773,,,,PRUNED
54,0.5786052252460147,2023-04-26 12:51:29.697951,2023-04-26 12:51:34.255612,0 days 00:00:04.557661,0.07856434307789345,0.001010438055101518,0.573347944511006,,,,COMPLETE
452,0.5789236749846537,2023-04-26 13:03:01.597593,2023-04-26 13:03:02.850012,0 days 00:00:01.252419,0.017235417931727174,0.000349789440495842,0.5789236749846537,,,,PRUNED
149,0.5789391563355687,2023-04-26 12:54:50.970125,2023-04-26 12:54:51.970623,0 days 00:00:01.000498,0.35951417171528444,0.005378112683042925,0.5789391563355687,,,,PRUNED
419,0.5790399037025925,2023-04-26 13:02:10.486010,2023-04-26 13:02:11.672273,0 days 00:00:01.186263,0.039373182609397914,0.00852767014046739,0.5790399037025925,,,,PRUNED
493,0.5791448645097728,2023-04-26 13:03:57.109296,2023-04-26 13:03:58.331405,0 days 00:00:01.222109,0.4786121691279813,0.00044997268930861586,0.5791448645097728,,,,PRUNED
18,0.5793459995156633,2023-04-26 12:50:35.567101,2023-04-26 12:50:36.557697,0 days 00:00:00.990596,0.28426974314431386,0.0007659114090633567,0.5793459995156633,,,,PRUNED
265,0.5793563092871646,2023-04-26 12:58:41.175920,2023-04-26 12:58:42.398675,0 days 00:00:01.222755,0.3166871338941903,0.00039010417233089717,0.5793563092871646,,,,PRUNED
120,0.5795028668266639,2023-04-26 12:53:44.836786,2023-04-26 12:53:45.844950,0 days 00:00:01.008164,0.12548320001423507,0.007637151448336917,0.5795028668266639,,,,PRUNED
271,0.5798438947683006,2023-04-26 12:58:48.380145,2023-04-26 12:58:49.442150,0 days 00:00:01.062005,0.3994990992128336,0.005533990744366358,0.5798438947683006,,,,PRUNED
333,0.5804212177824772,2023-04-26 13:00:16.229126,2023-04-26 13:00:17.326365,0 days 00:00:01.097239,0.01893313040154909,0.00048509480599336747,0.5804212177824772,,,,PRUNED
24,0.5804683000767267,2023-04-26 12:50:42.152135,2023-04-26 12:50:43.151726,0 days 00:00:00.999591,0.07205242648882315,0.0007095097415463159,0.5804683000767267,,,,PRUNED
469,0.580894172068012,2023-04-26 13:03:24.536720,2023-04-26 13:03:25.570542,0 days 00:00:01.033822,0.7641982962649891,0.0034114404772289434,0.580894172068012,,,,PRUNED
354,0.5809325814690844,2023-04-26 13:00:43.328866,2023-04-26 13:00:44.332478,0 days 00:00:01.003612,0.06863323375912346,0.009382908415102422,0.5809325814690844,,,,PRUNED
69,0.5813544617426372,2023-04-26 12:51:53.290570,2023-04-26 12:51:54.315985,0 days 00:00:01.025415,0.02172161487653946,0.0007214560141670319,0.5813544617426372,,,,PRUNED
355,0.5815283081547904,2023-04-26 13:00:44.332974,2023-04-26 13:00:45.366717,0 days 00:00:01.033743,0.8253313501441527,0.002865962585872778,0.5815283081547904,,,,PRUNED
494,0.5815381512416058,2023-04-26 13:03:58.331905,2023-04-26 13:03:59.333994,0 days 00:00:01.002089,0.0845273679588499,0.0006524912333538699,0.5815381512416058,,,,PRUNED
7,0.5815389659236555,2023-04-26 12:50:06.710544,2023-04-26 12:50:11.204808,0 days 00:00:04.494264,0.6479336825924904,0.0011199517322610251,0.5774484508888271,0.5772552234695657,0.5768835520592658,,COMPLETE
460,0.5816650318176547,2023-04-26 13:03:10.544006,2023-04-26 13:03:11.608220,0 days 00:00:01.064214,0.6439435256773332,0.0006107024897479668,0.5816650318176547,,,,PRUNED
218,0.5822762579178435,2023-04-26 12:57:18.606798,2023-04-26 12:57:19.686618,0 days 00:00:01.079820,0.8297326231081366,0.0033142761104994096,0.5822762579178435,,,,PRUNED
475,0.5823672447871172,2023-04-26 13:03:34.450429,2023-04-26 13:03:35.463515,0 days 00:00:01.013086,0.8518941173712645,0.002797546620090712,0.5823672447871172,,,,PRUNED
27,0.5826566878125394,2023-04-26 12:50:45.425878,2023-04-26 12:50:46.474292,0 days 00:00:01.048414,0.0012538857437448675,0.0004199826603919894,0.5826566878125394,,,,PRUNED
491,0.5832568020573223,2023-04-26 13:03:54.836464,2023-04-26 13:03:56.110597,0 days 00:00:01.274133,0.4139720641218781,0.007252583256046414,0.5832568020573223,,,,PRUNED
15,0.5845612295640679,2023-04-26 12:50:32.451257,2023-04-26 12:50:33.457528,0 days 00:00:01.006271,0.1561668290153106,0.0005136949270864786,0.5845612295640679,,,,PRUNED
400,0.584653394684882,2023-04-26 13:01:46.348524,2023-04-26 13:01:47.368209,0 days 00:00:01.019685,0.5766000620818026,0.0066629800840204735,0.584653394684882,,,,PRUNED
34,0.5846689325989364,2023-04-26 12:50:56.881989,2023-04-26 12:50:57.951709,0 days 00:00:01.069720,0.14663048026260606,0.01040631642950504,0.5846689325989364,,,,PRUNED
303,0.5856296288676809,2023-04-26 12:59:35.100995,2023-04-26 12:59:36.127865,0 days 00:00:01.026870,0.14191834504516904,0.011026365301260334,0.5856296288676809,,,,PRUNED
50,0.585647940601992,2023-04-26 12:51:22.008189,2023-04-26 12:51:23.034796,0 days 00:00:01.026607,0.04593732062484293,0.0005539560587330717,0.585647940601992,,,,PRUNED
401,0.5857295426628205,2023-04-26 13:01:47.368709,2023-04-26 13:01:48.382844,0 days 00:00:01.014135,0.47121584662803,0.007675065112421692,0.5857295426628205,,,,PRUNED
292,0.5859306180102034,2023-04-26 12:59:22.708623,2023-04-26 12:59:23.775838,0 days 00:00:01.067215,0.7226409113979928,0.006162068461065002,0.5859306180102034,,,,PRUNED
30,0.5862102506242033,2023-04-26 12:50:48.966200,2023-04-26 12:50:50.012006,0 days 00:00:01.045806,0.24376940331737101,0.010073498939078832,0.5862102506242033,,,,PRUNED
37,0.5871179045499336,2023-04-26 12:51:00.111758,2023-04-26 12:51:01.335903,0 days 00:00:01.224145,0.39263707763901917,0.009206010620187265,0.5871179045499336,,,,PRUNED
236,0.5873292525334185,2023-04-26 12:57:56.596722,2023-04-26 12:57:57.695916,0 days 00:00:01.099194,0.00015440516536384527,0.015322342213635674,0.5873292525334185,,,,PRUNED
441,0.5880211527092526,2023-04-26 13:02:49.240714,2023-04-26 13:02:50.273712,0 days 00:00:01.032998,0.8843592420955694,0.0056058381105702024,0.5880211527092526,,,,PRUNED
406,0.5884103722439787,2023-04-26 13:01:52.891195,2023-04-26 13:01:53.917514,0 days 00:00:01.026319,0.5157239225188839,0.0003975237871651627,0.5884103722439787,,,,PRUNED
291,0.5888173220127974,2023-04-26 12:59:21.623346,2023-04-26 12:59:22.708623,0 days 00:00:01.085277,0.9854404970762458,0.004433567527344665,0.5888173220127974,,,,PRUNED
447,0.5892675499219036,2023-04-26 13:02:55.752989,2023-04-26 13:02:56.816203,0 days 00:00:01.063214,0.9683899118470503,0.004380505825791309,0.5892675499219036,,,,PRUNED
437,0.5894655482328093,2023-04-26 13:02:44.800064,2023-04-26 13:02:45.839571,0 days 00:00:01.039507,0.3858654088279866,0.0099770278496893,0.5894655482328093,,,,PRUNED
479,0.5905224144123405,2023-04-26 13:03:38.701915,2023-04-26 13:03:39.704502,0 days 00:00:01.002587,0.049849040357520975,0.016443869828223753,0.5905224144123405,,,,PRUNED
495,0.5910882788642637,2023-04-26 13:03:59.334493,2023-04-26 13:04:00.558097,0 days 00:00:01.223604,0.019297939011919327,0.017857933237039596,0.5910882788642637,,,,PRUNED
2,0.5914394961656461,2023-04-26 12:49:50.868452,2023-04-26 12:49:59.238745,0 days 00:00:08.370293,0.4974907400804669,6.696468548801565e-05,0.8535140482340237,0.6708069494046951,0.6069313845809483,0.5890380430943682,COMPLETE
48,0.5915701701665849,2023-04-26 12:51:19.761758,2023-04-26 12:51:20.992075,0 days 00:00:01.230317,6.967581427683167e-05,0.018902157995765053,0.5915701701665849,,,,PRUNED
19,0.5925643538452141,2023-04-26 12:50:36.558198,2023-04-26 12:50:37.619874,0 days 00:00:01.061676,0.10905782941421982,0.00024844348109382124,0.5925643538452141,,,,PRUNED
485,0.593317415581043,2023-04-26 13:03:48.418391,2023-04-26 13:03:49.429049,0 days 00:00:01.010658,0.20589521603101313,0.014500785867423349,0.593317415581043,,,,PRUNED
363,0.5938091849616741,2023-04-26 13:00:52.602721,2023-04-26 13:00:53.664067,0 days 00:00:01.061346,0.0007227674366240477,0.0002488533144125892,0.5938091849616741,,,,PRUNED
328,0.5942430982144858,2023-04-26 13:00:06.822586,2023-04-26 13:00:07.895923,0 days 00:00:01.073337,0.02517575597452754,0.020449347249585303,0.5942430982144858,,,,PRUNED
426,0.5955405219775962,2023-04-26 13:02:22.245090,2023-04-26 13:02:23.265289,0 days 00:00:01.020199,0.021804444218407017,0.021752978761089586,0.5955405219775962,,,,PRUNED
482,0.5986179023356956,2023-04-26 13:03:41.936303,2023-04-26 13:03:42.993239,0 days 00:00:01.056936,0.03056678623366154,0.00020628032214419002,0.5986179023356956,,,,PRUNED
487,0.6008346513422467,2023-04-26 13:03:50.661825,2023-04-26 13:03:51.728021,0 days 00:00:01.066196,0.05441040425695409,0.024857660059945726,0.6008346513422467,,,,PRUNED
472,0.6011440665502097,2023-04-26 13:03:31.162536,2023-04-26 13:03:32.382000,0 days 00:00:01.219464,0.9378678699200883,7.926199333827992e-05,0.6011440665502097,,,,PRUNED
330,0.6041517828474805,2023-04-26 13:00:09.009272,2023-04-26 13:00:10.107495,0 days 00:00:01.098223,0.052052878220030255,0.028100926522240364,0.6041517828474805,,,,PRUNED
3,0.6066416276464479,2023-04-26 12:49:59.239245,2023-04-26 12:50:03.716758,0 days 00:00:04.477513,0.7036950744199706,0.0160024805525921,0.6058034922786728,0.6056500156778282,0.6055666734808222,,COMPLETE
383,0.6075210559627687,2023-04-26 13:01:24.398820,2023-04-26 13:01:25.466634,0 days 00:00:01.067814,0.030159916251348517,0.033332860107807886,0.6075210559627687,,,,PRUNED
1,0.612053931753131,2023-04-26 12:49:46.419741,2023-04-26 12:49:50.867952,0 days 00:00:04.448211,0.4280933074714435,0.020576385415528697,0.6112093853353859,0.6112455002948333,,,COMPLETE
8,0.6122171239479836,2023-04-26 12:50:11.205309,2023-04-26 12:50:15.677105,0 days 00:00:04.471796,0.9113637931825765,0.018052848428813988,0.6107866248746369,,,,COMPLETE
353,0.6126528836624205,2023-04-26 13:00:42.270755,2023-04-26 13:00:43.328366,0 days 00:00:01.057611,0.03414337620169434,0.0001457649383201569,0.6126528836624205,,,,PRUNED
6,0.614064704913157,2023-04-26 12:50:05.701950,2023-04-26 12:50:06.710044,0 days 00:00:01.008094,0.22428828618485597,0.00021201749965936125,0.614064704913157,,,,PRUNED
477,0.6150275500374046,2023-04-26 13:03:36.689122,2023-04-26 13:03:37.698328,0 days 00:00:01.009206,0.017450840461529987,0.0443063488781985,0.6150275500374046,,,,PRUNED
496,0.6155360362177238,2023-04-26 13:04:00.558597,2023-04-26 13:04:01.769337,0 days 00:00:01.210740,0.0434626973024272,5.982595482900848e-05,0.6155360362177238,,,,PRUNED
212,0.6209074853725257,2023-04-26 12:57:08.605025,2023-04-26 12:57:09.602611,0 days 00:00:00.997586,0.0008681487703212042,0.056711692608933106,0.6209074853725257,,,,PRUNED
263,0.64826352497625,2023-04-26 12:58:39.187610,2023-04-26 12:58:40.172774,0 days 00:00:00.985164,0.02130474822875402,0.11955931036157157,0.64826352497625,,,,PRUNED
470,0.6503700695020114,2023-04-26 13:03:25.571041,2023-04-26 13:03:26.793290,0 days 00:00:01.222249,0.0009346763231310061,0.15114245021354944,0.6503700695020114,,,,PRUNED
346,0.6541907804458064,2023-04-26 13:00:31.184957,2023-04-26 13:00:32.250577,0 days 00:00:01.065620,0.37032950452996427,0.055717968713535265,0.6541907804458064,,,,PRUNED
4,0.6598489047652357,2023-04-26 12:50:03.717258,2023-04-26 12:50:04.713355,0 days 00:00:00.996097,0.8779857558783234,0.04222700781389659,0.6598489047652357,,,,PRUNED
459,0.6628900041828398,2023-04-26 13:03:09.454915,2023-04-26 13:03:10.543507,0 days 00:00:01.088592,2.1935537008559852e-05,0.2497329035018857,0.6628900041828398,,,,PRUNED
436,0.6630248995577106,2023-04-26 13:02:43.742392,2023-04-26 13:02:44.799563,0 days 00:00:01.057171,0.10577432356913753,0.0001487169429105884,0.6630248995577106,,,,PRUNED
425,0.6653318631931906,2023-04-26 13:02:21.130993,2023-04-26 13:02:22.244590,0 days 00:00:01.113597,0.0002326630173661848,0.27831346085407643,0.6653318631931906,,,,PRUNED
428,0.6660827678385274,2023-04-26 13:02:24.345419,2023-04-26 13:02:25.601719,0 days 00:00:01.256300,0.03909778184243936,0.1860591539758944,0.6660827678385274,,,,PRUNED
5,0.6709192119185218,2023-04-26 12:50:04.713857,2023-04-26 12:50:05.701449,0 days 00:00:00.987592,0.25626250306569587,0.0984598134488295,0.6709192119185218,,,,PRUNED
387,0.6763499475065707,2023-04-26 13:01:28.582784,2023-04-26 13:01:29.586871,0 days 00:00:01.004087,0.37143099089570003,0.09299900285744893,0.6763499475065707,,,,PRUNED
444,0.6788980525161313,2023-04-26 13:02:52.400269,2023-04-26 13:02:53.404428,0 days 00:00:01.004159,0.7772390779587746,0.06182701279019289,0.6788980525161313,,,,PRUNED
473,0.6811347074101409,2023-04-26 13:03:32.382501,2023-04-26 13:03:33.438222,0 days 00:00:01.055721,0.01696385459650076,0.4741396985152089,0.6811347074101409,,,,PRUNED
9,0.6865684054229041,2023-04-26 12:50:15.677607,2023-04-26 12:50:16.952878,0 days 00:00:01.275271,0.39240312695000745,0.12064382747629708,0.6865684054229041,,,,PRUNED
274,0.6870778926836041,2023-04-26 12:58:55.134296,2023-04-26 12:58:56.178492,0 days 00:00:01.044196,0.08168093456380716,0.3464199419111069,0.6870778926836041,,,,PRUNED
14,0.6909298444581787,2023-04-26 12:50:31.395977,2023-04-26 12:50:32.451257,0 days 00:00:01.055280,0.10679421559122511,0.41203650893642324,0.6909298444581787,,,,PRUNED
219,0.6931556400593286,2023-04-26 12:57:19.686618,2023-04-26 12:57:20.736068,0 days 00:00:01.049450,0.41816472383123826,0.4949006042495891,0.6931556400593286,,,,PRUNED
344,0.7382623024985854,2023-04-26 13:00:28.898085,2023-04-26 13:00:29.931732,0 days 00:00:01.033647,0.035252280984523,0.00011325235034711981,0.7382623024985854,,,,PRUNED
215,0.806211995883097,2023-04-26 12:57:15.244851,2023-04-26 12:57:16.294479,0 days 00:00:01.049628,0.05237544910362457,9.164225660464579e-05,0.806211995883097,,,,PRUNED
321,0.9115170465456683,2023-04-26 12:59:58.986446,2023-04-26 13:00:00.063739,0 days 00:00:01.077293,0.0215011230000184,7.448883405777511e-05,0.9115170465456683,,,,PRUNED
40,1.1226072551361255,2023-04-26 12:51:03.907859,2023-04-26 12:51:05.015959,0 days 00:00:01.108100,0.14189652668105313,5.3834059899453703e-05,1.1226072551361255,,,,PRUNED
