number,value,datetime_start,datetime_complete,duration,params_dropout,params_hidden_size,params_l2,params_learning_rate,params_n_hidden_layers,system_attrs_completed_rung_0,system_attrs_completed_rung_1,system_attrs_completed_rung_2,system_attrs_completed_rung_3,state
55,0.7251918911933899,2023-04-24 12:30:14.965580,2023-04-24 12:30:40.144375,0 days 00:00:25.178795,0.01974820067163457,8,0.00019294194226222226,0.002877543178399887,2,0.7484947443008423,0.7424347996711731,0.7332302331924438,0.7268360257148743,COMPLETE
142,0.7278664708137512,2023-04-24 12:38:37.851333,2023-04-24 12:38:55.259561,0 days 00:00:17.408228,0.01678803037232083,12,0.0002675770082910694,0.005489800566810208,2,0.7405158877372742,0.7335788011550903,0.7311780452728271,0.7278664708137512,PRUNED
30,0.7280179262161255,2023-04-24 12:28:02.194758,2023-04-24 12:28:35.311851,0 days 00:00:33.117093,0.015177794141117893,4,0.00012119453337081661,0.004206181422876555,1,0.7330977320671082,0.7291828989982605,,,COMPLETE
188,0.7282163500785828,2023-04-24 12:41:36.049701,2023-04-24 12:41:52.667907,0 days 00:00:16.618206,0.023870087464101488,14,0.0003427962718017291,0.0032309981780096492,2,0.7431716918945312,0.7376767992973328,0.7326889634132385,0.7282163500785828,PRUNED
101,0.728775143623352,2023-04-24 12:34:10.827173,2023-04-24 12:34:27.796841,0 days 00:00:16.969668,0.016605238612217972,10,0.00010515520379335381,0.005106424572993949,2,0.7418303489685059,0.7400067448616028,0.7296699285507202,0.728775143623352,PRUNED
207,0.7288064360618591,2023-04-24 12:43:11.149244,2023-04-24 12:43:29.436053,0 days 00:00:18.286809,0.010032321315229645,16,0.0001900642932890233,0.004368458604250203,2,0.741362452507019,0.7360836863517761,0.7302456498146057,0.7288064360618591,PRUNED
111,0.7291495203971863,2023-04-24 12:35:11.729733,2023-04-24 12:35:22.552513,0 days 00:00:10.822780,0.02290150184244203,18,0.0003442851462408183,0.0053072449206271344,2,0.7338429093360901,0.7311976552009583,,,COMPLETE
162,0.729183554649353,2023-04-24 12:39:49.766466,2023-04-24 12:40:06.828812,0 days 00:00:17.062346,0.02355698800572667,20,0.00034569160151115243,0.0047922439858286295,2,0.7319507598876953,0.729183554649353,,,PRUNED
43,0.7292153239250183,2023-04-24 12:29:31.675281,2023-04-24 12:29:47.923482,0 days 00:00:16.248201,0.011456811217160816,6,0.00022691402129269397,0.004013157668227521,1,0.7424512505531311,0.7351839542388916,0.7292153239250183,,PRUNED
2,0.7293915748596191,2023-04-24 12:24:51.667764,2023-04-24 12:25:11.114515,0 days 00:00:19.446751,0.021754911723949808,8,0.00016760550780234884,0.0014349951262294723,3,0.7520499229431152,0.7352877855300903,0.7288432717323303,,COMPLETE
220,0.7302258610725403,2023-04-24 12:44:40.898233,2023-04-24 12:44:57.896450,0 days 00:00:16.998217,0.026954857394942782,10,0.00016112801384327442,0.005110880868888177,1,0.740197479724884,0.7330968379974365,0.7302258610725403,,PRUNED
98,0.7304779887199402,2023-04-24 12:33:39.502121,2023-04-24 12:33:51.895843,0 days 00:00:12.393722,0.016043397602604984,10,0.00010264407430478737,0.005658080366763939,2,0.7283792495727539,,,,COMPLETE
129,0.7308231592178345,2023-04-24 12:37:39.197250,2023-04-24 12:37:54.000797,0 days 00:00:14.803547,0.024639220895487132,14,0.00021159973355028703,0.0024846784650155197,2,0.7374751567840576,0.7311611771583557,,,COMPLETE
123,0.7308971285820007,2023-04-24 12:36:44.845692,2023-04-24 12:37:06.354008,0 days 00:00:21.508316,0.024329281758855587,16,0.0003194862008713783,0.00323148844647386,2,0.7316121459007263,0.7291663289070129,,,COMPLETE
34,0.7309185266494751,2023-04-24 12:28:44.787069,2023-04-24 12:29:00.255585,0 days 00:00:15.468516,0.025603754455232042,6,0.00015099118061885262,0.006339777796750939,1,0.731417715549469,,,,COMPLETE
0,0.7309920787811279,2023-04-24 12:24:25.310925,2023-04-24 12:24:40.148843,0 days 00:00:14.837918,0.010757688316503587,10,0.0002679744001667097,0.004504014400886062,2,,,,,COMPLETE
12,0.7311233878135681,2023-04-24 12:26:19.611264,2023-04-24 12:26:47.240652,0 days 00:00:27.629388,0.014377605035939416,8,0.00017982699641592032,0.0028955186139306387,1,0.7370716333389282,0.7300603985786438,,,COMPLETE
29,0.7311786413192749,2023-04-24 12:27:46.204791,2023-04-24 12:28:02.194258,0 days 00:00:15.989467,0.023170256002608237,12,0.0003133515156889502,0.0028511873151089713,2,0.7338504195213318,,,,COMPLETE
58,0.7312816977500916,2023-04-24 12:30:59.354313,2023-04-24 12:31:16.406874,0 days 00:00:17.052561,0.01638237284188976,8,0.00017558298062631463,0.0035475871491183314,1,0.7402760982513428,0.7339613437652588,0.7312816977500916,,PRUNED
239,0.7314807772636414,2023-04-24 12:46:14.066363,2023-04-24 12:46:31.217035,0 days 00:00:17.150672,0.023390971604985933,16,0.0001837250637393578,0.001955612821081924,3,0.7314574122428894,,,,COMPLETE
57,0.7317381501197815,2023-04-24 12:30:41.565519,2023-04-24 12:30:59.353814,0 days 00:00:17.788295,0.01880043954275436,8,0.00017384181408235572,0.0023575850481357,3,0.7363972067832947,0.7321684956550598,0.7317381501197815,,PRUNED
8,0.7320864796638489,2023-04-24 12:25:39.288361,2023-04-24 12:26:09.034746,0 days 00:00:29.746385,0.05204446041831762,18,0.00022509985277806998,0.00186289031322245,2,0.7377797365188599,0.73082435131073,,,COMPLETE
211,0.7323260307312012,2023-04-24 12:43:36.216213,2023-04-24 12:43:47.449933,0 days 00:00:11.233720,0.01597263271803851,12,0.0002575192684235695,0.00542745246161357,2,0.7378427386283875,0.730006992816925,,,COMPLETE
224,0.7324721813201904,2023-04-24 12:45:04.516165,2023-04-24 12:45:15.852066,0 days 00:00:11.335901,0.01809664569692156,24,0.00013335857762634411,0.005292918492939693,2,0.7315493226051331,,,,COMPLETE
134,0.7334070205688477,2023-04-24 12:38:07.806482,2023-04-24 12:38:14.107465,0 days 00:00:06.300983,0.02151227141636052,18,0.00022932843188317126,0.002803211545726296,2,0.7388105392456055,0.7334070205688477,,,PRUNED
47,0.7335956692695618,2023-04-24 12:29:52.040945,2023-04-24 12:29:58.055191,0 days 00:00:06.014246,0.01126976767277603,4,0.00012673676465965392,0.004720988903979588,1,0.7335956692695618,,,,PRUNED
119,0.7336394786834717,2023-04-24 12:36:22.368217,2023-04-24 12:36:28.942191,0 days 00:00:06.573974,0.019381392147256243,18,0.0001867051508015998,0.0065389287449964155,2,0.7467453479766846,0.7394618988037109,0.7336394786834717,,PRUNED
213,0.7337009310722351,2023-04-24 12:44:03.602065,2023-04-24 12:44:20.980864,0 days 00:00:17.378799,0.023613396648374047,14,0.0002523172941881464,0.00626466782329696,2,0.7329834699630737,0.7337009310722351,,,PRUNED
196,0.733795702457428,2023-04-24 12:42:12.422103,2023-04-24 12:42:18.600004,0 days 00:00:06.177901,0.01722500037268885,8,0.0003268435879295817,0.005370077241976686,2,0.733795702457428,,,,PRUNED
137,0.7338570952415466,2023-04-24 12:38:18.487761,2023-04-24 12:38:24.425700,0 days 00:00:05.937939,0.04439508348354012,8,0.00018676876348781355,0.002985140123320165,2,0.7338570952415466,,,,PRUNED
206,0.7340716123580933,2023-04-24 12:43:05.110923,2023-04-24 12:43:11.148743,0 days 00:00:06.037820,0.015039258381334034,18,0.0002288129715509394,0.0027913502557128504,2,0.7340716123580933,,,,PRUNED
100,0.7341638803482056,2023-04-24 12:33:54.666444,2023-04-24 12:34:10.826673,0 days 00:00:16.160229,0.016035169102634698,10,0.00014594757304195344,0.004183972181866433,2,0.7356038689613342,0.7318090796470642,0.7341638803482056,,PRUNED
1,0.734168529510498,2023-04-24 12:24:40.149343,2023-04-24 12:24:51.667264,0 days 00:00:11.517921,0.07550674623284684,16,0.0005390823042787482,0.005054696385094415,2,0.7607343792915344,0.7580288052558899,0.7347392439842224,,COMPLETE
169,0.7341938614845276,2023-04-24 12:40:33.883443,2023-04-24 12:40:40.327787,0 days 00:00:06.444344,0.015116752287172033,12,0.00019884173008686981,0.0026701658390593736,2,0.7400418519973755,0.7341938614845276,,,PRUNED
106,0.7342240810394287,2023-04-24 12:34:44.942134,2023-04-24 12:35:01.419905,0 days 00:00:16.477771,0.01811094578248129,16,0.0001264957776744933,0.004384174835486389,2,0.7373040914535522,0.7274299263954163,0.7342240810394287,,PRUNED
114,0.7343918681144714,2023-04-24 12:35:37.781870,2023-04-24 12:35:55.021260,0 days 00:00:17.239390,0.02346157074863461,16,0.00021813423789651803,0.006104276238443699,2,0.7431073784828186,0.7403566837310791,0.7300294041633606,,COMPLETE
200,0.7343973517417908,2023-04-24 12:42:43.611859,2023-04-24 12:42:49.579250,0 days 00:00:05.967391,0.011253723551491346,18,0.0006752974064378325,0.00427318578574331,2,0.7400063872337341,0.7343973517417908,,,PRUNED
95,0.7345208525657654,2023-04-24 12:33:17.049107,2023-04-24 12:33:34.196540,0 days 00:00:17.147433,0.01956796188215603,12,0.0001120792791964055,0.0036508576372595762,3,0.739291250705719,0.732695996761322,0.7293937802314758,0.7345208525657654,PRUNED
186,0.7345348000526428,2023-04-24 12:41:27.433761,2023-04-24 12:41:33.611669,0 days 00:00:06.177908,0.013677740170885673,16,0.0002092648846599241,0.0017896070588944602,2,0.7430984377861023,0.738106369972229,0.7345348000526428,,PRUNED
233,0.7346238493919373,2023-04-24 12:45:29.910429,2023-04-24 12:45:46.948252,0 days 00:00:17.037823,0.01647735781625389,14,0.00027850616030186074,0.006169647451081015,2,0.7305911183357239,,,,COMPLETE
149,0.7348656058311462,2023-04-24 12:39:04.904588,2023-04-24 12:39:10.851678,0 days 00:00:05.947090,0.026942100295062894,8,0.00016088566067056469,0.00632584814030349,2,0.7417498826980591,0.7383081912994385,0.7348656058311462,,PRUNED
40,0.7349764704704285,2023-04-24 12:29:10.739294,2023-04-24 12:29:23.059291,0 days 00:00:12.319997,0.020973974488264352,10,0.0001088344531049291,0.0059820071639303755,3,0.7285407781600952,,,,COMPLETE
122,0.7351130843162537,2023-04-24 12:36:38.367715,2023-04-24 12:36:44.845192,0 days 00:00:06.477477,0.022044161892077942,10,0.0002891215044022256,0.005502522363479173,2,0.7423903942108154,0.7345156073570251,0.7351130843162537,,PRUNED
174,0.7354530096054077,2023-04-24 12:40:52.374580,2023-04-24 12:40:58.369315,0 days 00:00:05.994735,0.02038285418500954,18,0.00033916970421469145,0.0013939081828337279,2,0.7354530096054077,,,,PRUNED
118,0.7355541586875916,2023-04-24 12:36:10.046166,2023-04-24 12:36:22.367217,0 days 00:00:12.321051,0.024652207766899453,16,0.00016614043717130104,0.004506902930453269,2,0.7328715920448303,,,,COMPLETE
236,0.7355638742446899,2023-04-24 12:45:55.133251,2023-04-24 12:46:01.550544,0 days 00:00:06.417293,0.03011571063274738,8,0.0002846650371665311,0.002457841774028866,2,0.7381800413131714,0.7355638742446899,,,PRUNED
79,0.7355883717536926,2023-04-24 12:32:21.518537,2023-04-24 12:32:27.799278,0 days 00:00:06.280741,0.022662434558448397,6,0.0001995762814369252,0.003393723171227753,2,0.7496345043182373,0.7406484484672546,0.7355883717536926,,PRUNED
24,0.7356477379798889,2023-04-24 12:27:18.879919,2023-04-24 12:27:25.297714,0 days 00:00:06.417795,0.016651860414604525,10,0.00020206843776757993,0.0033176196258075043,1,0.7403382062911987,0.7356477379798889,,,PRUNED
205,0.7356981039047241,2023-04-24 12:42:59.020782,2023-04-24 12:43:05.110423,0 days 00:00:06.089641,0.022620627980767038,10,0.00016772360423088177,0.0029176156441642126,2,0.7461549043655396,0.7406670451164246,0.7356981039047241,,PRUNED
77,0.7358672618865967,2023-04-24 12:32:08.914609,2023-04-24 12:32:15.341318,0 days 00:00:06.426709,0.020058263003051063,14,0.00013393331191454872,0.003971419999791919,1,0.7358672618865967,,,,PRUNED
31,0.7359403371810913,2023-04-24 12:28:35.312351,2023-04-24 12:28:41.391031,0 days 00:00:06.078680,0.015511763003244578,4,0.00011899189648721721,0.00434865764538,1,0.7414503693580627,0.7359403371810913,,,PRUNED
237,0.7359585165977478,2023-04-24 12:46:01.551045,2023-04-24 12:46:07.834144,0 days 00:00:06.283099,0.015524064928166308,14,0.00011144719972713275,0.003178287422663795,1,0.7359585165977478,,,,PRUNED
112,0.7360432147979736,2023-04-24 12:35:22.553012,2023-04-24 12:35:34.658022,0 days 00:00:12.105010,0.023862591360319114,18,0.0003003656644984804,0.005292129069260967,2,0.7330660223960876,0.7285786271095276,,,COMPLETE
28,0.7361326813697815,2023-04-24 12:27:39.815921,2023-04-24 12:27:46.204291,0 days 00:00:06.388370,0.013550171569473851,10,0.0002055204250244322,0.0034485560495262474,3,0.742400050163269,0.7361326813697815,,,PRUNED
117,0.7362001538276672,2023-04-24 12:36:03.171884,2023-04-24 12:36:10.045665,0 days 00:00:06.873781,0.014638672658658059,20,0.00019482269224494492,0.0026149120147575793,2,0.7362001538276672,,,,PRUNED
138,0.7363290786743164,2023-04-24 12:38:24.426203,2023-04-24 12:38:30.741496,0 days 00:00:06.315293,0.030354721366556627,6,0.0004046348863876822,0.0031149089821061087,2,0.7391726970672607,0.7363290786743164,,,PRUNED
63,0.7365939617156982,2023-04-24 12:31:28.269081,2023-04-24 12:31:34.513121,0 days 00:00:06.244040,0.02231173708047249,4,0.00019252320855081247,0.0028711308756042588,2,0.750252366065979,0.741101861000061,0.7365939617156982,,PRUNED
83,0.7367866635322571,2023-04-24 12:32:32.661605,2023-04-24 12:32:45.232705,0 days 00:00:12.571100,0.024223243957805687,18,0.00036584232318450846,0.005160425332507435,2,0.7296415567398071,,,,COMPLETE
102,0.7368149161338806,2023-04-24 12:34:27.797841,2023-04-24 12:34:33.832246,0 days 00:00:06.034405,0.022431815531285745,12,0.00010903647220878061,0.005964572437580655,2,0.7454341053962708,0.7418892979621887,0.7368149161338806,,PRUNED
172,0.7369247078895569,2023-04-24 12:40:44.287106,2023-04-24 12:40:50.637803,0 days 00:00:06.350697,0.025355604963762723,20,0.00035301673616926053,0.005002658613336821,2,0.7369247078895569,,,,PRUNED
115,0.7370012998580933,2023-04-24 12:35:55.021760,2023-04-24 12:36:01.265380,0 days 00:00:06.243620,0.02579002042187856,16,0.00021989578339090833,0.0021718417068072315,2,0.743561863899231,0.7357171773910522,0.7370012998580933,,PRUNED
127,0.7371096611022949,2023-04-24 12:37:28.297531,2023-04-24 12:37:35.862935,0 days 00:00:07.565404,0.02299299927864223,16,0.0003632021473586818,0.003911081667085205,2,0.7402176856994629,0.736528754234314,0.7371096611022949,,PRUNED
216,0.7371855974197388,2023-04-24 12:44:26.637788,2023-04-24 12:44:33.392194,0 days 00:00:06.754406,0.013481602914717502,12,0.00023603044675519686,0.001581356919671782,2,0.7399652004241943,0.7371855974197388,,,PRUNED
191,0.7372207641601562,2023-04-24 12:41:58.430291,2023-04-24 12:42:04.594555,0 days 00:00:06.164264,0.08006921793324219,20,0.00023860867358101615,0.0024840847139474542,3,0.7372207641601562,,,,PRUNED
153,0.7373461723327637,2023-04-24 12:39:16.796655,2023-04-24 12:39:22.600933,0 days 00:00:05.804278,0.07211477062638823,16,0.00018411471657232853,0.004269796002184491,1,0.7414464354515076,0.7373461723327637,,,PRUNED
238,0.7379118204116821,2023-04-24 12:46:07.834644,2023-04-24 12:46:14.065359,0 days 00:00:06.230715,0.02876671861078003,24,0.00012860817459731824,0.0013273283876337376,2,0.7412145733833313,0.7379118204116821,,,PRUNED
88,0.737994909286499,2023-04-24 12:32:58.566344,2023-04-24 12:33:04.657238,0 days 00:00:06.090894,0.0185854529839606,4,0.00018248725219647557,0.0038274765191296536,1,0.7501229643821716,0.7390735149383545,0.737994909286499,,PRUNED
86,0.7379965782165527,2023-04-24 12:32:49.422409,2023-04-24 12:32:55.792390,0 days 00:00:06.369981,0.013055214716509764,18,0.0002685060469260229,0.004113700565779618,3,0.7388043999671936,0.7379965782165527,,,PRUNED
75,0.7381035089492798,2023-04-24 12:32:01.573137,2023-04-24 12:32:07.799163,0 days 00:00:06.226026,0.016039157115644225,18,0.00022416289295599894,0.001614226436581906,2,0.7457718253135681,0.7441307902336121,0.7381035089492798,,PRUNED
61,0.7381271719932556,2023-04-24 12:31:20.614624,2023-04-24 12:31:26.809416,0 days 00:00:06.194792,0.025054004023736025,10,0.00021318269436741534,0.0028734514407078703,2,0.7381271719932556,,,,PRUNED
130,0.7383323907852173,2023-04-24 12:37:54.001297,2023-04-24 12:38:00.172685,0 days 00:00:06.171388,0.02586806059319478,14,0.00028213457462465533,0.0023453514366895845,1,0.7410016059875488,0.7383323907852173,,,PRUNED
65,0.7384594678878784,2023-04-24 12:31:35.574893,2023-04-24 12:31:41.094560,0 days 00:00:05.519667,0.024957786270964472,10,0.0002399639436269175,0.0031419152718437076,1,0.7384594678878784,,,,PRUNED
248,0.7386531829833984,2023-04-24 12:47:01.378041,2023-04-24 12:47:18.856138,0 days 00:00:17.478097,0.02432315419597482,14,0.0003285114618213217,0.00290265746860654,2,0.729536235332489,0.7386531829833984,,,PRUNED
11,0.7393193244934082,2023-04-24 12:26:13.258877,2023-04-24 12:26:19.610765,0 days 00:00:06.351888,0.017229350219979976,8,0.0001664615930309341,0.0010743747004198932,2,0.7434566020965576,0.7393193244934082,,,PRUNED
25,0.7394159436225891,2023-04-24 12:27:25.298214,2023-04-24 12:27:32.371958,0 days 00:00:07.073744,0.011955024662263721,6,0.00013584198706622234,0.002141454744940809,2,0.7502555847167969,0.7397480010986328,0.7394159436225891,,PRUNED
78,0.7397518157958984,2023-04-24 12:32:15.341818,2023-04-24 12:32:21.518037,0 days 00:00:06.176219,0.013763737576240534,10,0.00015008674574514924,0.004292345297350204,2,0.7397518157958984,,,,PRUNED
212,0.7399717569351196,2023-04-24 12:43:47.450432,2023-04-24 12:44:03.602065,0 days 00:00:16.151633,0.0128492790776062,12,0.0002775694947227256,0.005195305746674702,2,0.7329835295677185,0.7399717569351196,,,PRUNED
121,0.739983081817627,2023-04-24 12:36:31.906707,2023-04-24 12:36:38.367215,0 days 00:00:06.460508,0.020572733310792724,20,0.0002646607953628994,0.005760014943602687,1,0.738488495349884,0.7402914762496948,0.739983081817627,,PRUNED
234,0.7403052449226379,2023-04-24 12:45:46.948752,2023-04-24 12:45:53.394802,0 days 00:00:06.446050,0.011853004530695158,14,0.0003143565899286219,0.006492839929719701,2,0.7398741841316223,0.7403052449226379,,,PRUNED
176,0.7405731081962585,2023-04-24 12:40:59.623854,2023-04-24 12:41:06.101543,0 days 00:00:06.477689,0.012558464600535365,20,0.0003016837341838532,0.004189371415201803,2,0.7407464385032654,0.7323214411735535,0.7405731081962585,,PRUNED
20,0.7406533360481262,2023-04-24 12:27:02.537802,2023-04-24 12:27:08.726068,0 days 00:00:06.188266,0.02086320205080165,6,0.0002807887901305531,0.0014046228413066764,3,0.7432314157485962,0.7406533360481262,,,PRUNED
243,0.7411014437675476,2023-04-24 12:46:36.669979,2023-04-24 12:46:54.524861,0 days 00:00:17.854882,0.02088289768115252,16,0.00022241233448314277,0.0022098811373486163,3,0.7320505976676941,0.7411014437675476,,,PRUNED
26,0.741342306137085,2023-04-24 12:27:32.372458,2023-04-24 12:27:38.526628,0 days 00:00:06.154170,0.010195129024949508,2,0.00017051314962196354,0.0046445409965368434,2,0.741342306137085,,,,PRUNED
184,0.7415129542350769,2023-04-24 12:41:23.275513,2023-04-24 12:41:25.725589,0 days 00:00:02.450076,0.020963767656220156,14,0.0001668018992051413,0.0030294045016317174,2,0.7450938820838928,0.7415129542350769,,,PRUNED
163,0.7416489720344543,2023-04-24 12:40:06.829312,2023-04-24 12:40:09.810190,0 days 00:00:02.980878,0.021121943599892723,18,0.00032137566299408085,0.006039161624570046,2,0.7425394058227539,0.7416489720344543,,,PRUNED
166,0.7419832944869995,2023-04-24 12:40:13.133800,2023-04-24 12:40:15.764390,0 days 00:00:02.630590,0.01055044363019897,16,0.00010560667873298123,0.004491172797246281,3,0.7430986762046814,0.7419832944869995,,,PRUNED
108,0.7420742511749268,2023-04-24 12:35:03.875509,2023-04-24 12:35:06.057852,0 days 00:00:02.182343,0.015585598393891068,8,0.00013909181339338247,0.0017519066456584268,2,0.7420742511749268,,,,PRUNED
41,0.742115318775177,2023-04-24 12:29:23.059792,2023-04-24 12:29:29.006992,0 days 00:00:05.947200,0.0175663289898528,8,0.00016053460192162633,0.004256217550838159,1,0.737996518611908,0.742115318775177,,,PRUNED
140,0.7422890663146973,2023-04-24 12:38:32.153906,2023-04-24 12:38:34.909274,0 days 00:00:02.755368,0.0246398836500706,16,0.00025017982650834246,0.002331247554448665,1,0.7422890663146973,,,,PRUNED
23,0.7424313426017761,2023-04-24 12:27:12.656753,2023-04-24 12:27:18.879419,0 days 00:00:06.222666,0.012133086291136474,6,0.0001511068347332234,0.0018985016591961852,1,0.7448062896728516,0.7424313426017761,,,PRUNED
182,0.7424909472465515,2023-04-24 12:41:14.229663,2023-04-24 12:41:17.096510,0 days 00:00:02.866847,0.022084712017769004,12,0.00016441955517153633,0.001187834088642029,2,0.7424909472465515,,,,PRUNED
141,0.7427950501441956,2023-04-24 12:38:34.909774,2023-04-24 12:38:37.850833,0 days 00:00:02.941059,0.020435334418058806,10,0.0004864789944466385,0.005933459772798525,3,0.7427950501441956,,,,PRUNED
215,0.742803692817688,2023-04-24 12:44:23.085731,2023-04-24 12:44:26.637286,0 days 00:00:03.551555,0.016107677902992983,10,0.00012660098199409724,0.005509681258440192,2,0.742803692817688,,,,PRUNED
204,0.7429712414741516,2023-04-24 12:42:56.372500,2023-04-24 12:42:59.020782,0 days 00:00:02.648282,0.03740497780087387,20,0.0003661102737529067,0.001667874186171285,2,0.7429712414741516,,,,PRUNED
190,0.7430354356765747,2023-04-24 12:41:55.594312,2023-04-24 12:41:58.429288,0 days 00:00:02.834976,0.021581133386042128,18,0.00038541803533370135,0.0028576971202345777,2,0.7430354356765747,,,,PRUNED
214,0.7431763410568237,2023-04-24 12:44:20.981365,2023-04-24 12:44:23.085232,0 days 00:00:02.103867,0.014220921308110002,12,0.0002630174609564049,0.0034063827158067037,2,0.7463372945785522,0.7431763410568237,,,PRUNED
32,0.7434671521186829,2023-04-24 12:28:41.391531,2023-04-24 12:28:43.612377,0 days 00:00:02.220846,0.019296663846146055,8,0.00012689695441763898,0.005361587477039017,1,0.7434671521186829,,,,PRUNED
177,0.7435039281845093,2023-04-24 12:41:06.102042,2023-04-24 12:41:08.786400,0 days 00:00:02.684358,0.016458300338938477,10,0.00012000590829185849,0.001281594902631275,2,0.7435039281845093,,,,PRUNED
131,0.7436689734458923,2023-04-24 12:38:00.173185,2023-04-24 12:38:02.607696,0 days 00:00:02.434511,0.02484161620210214,14,0.00020943707488496605,0.0026603589334517523,2,0.7436689734458923,,,,PRUNED
132,0.7438468337059021,2023-04-24 12:38:02.608197,2023-04-24 12:38:05.216516,0 days 00:00:02.608319,0.023264597334604887,16,0.00023884091056806969,0.002512772341965071,2,0.743591845035553,0.7438468337059021,,,PRUNED
73,0.7443597316741943,2023-04-24 12:31:56.951095,2023-04-24 12:31:59.914802,0 days 00:00:02.963707,0.01773170593318005,12,0.00023181025317431795,0.0034830634955992476,2,0.7443597316741943,,,,PRUNED
99,0.7443825602531433,2023-04-24 12:33:51.896343,2023-04-24 12:33:54.665944,0 days 00:00:02.769601,0.014943107210222096,8,0.00010140824773458239,0.005541370071741362,2,0.7410672307014465,0.7443825602531433,,,PRUNED
107,0.7444013953208923,2023-04-24 12:35:01.420406,2023-04-24 12:35:03.874509,0 days 00:00:02.454103,0.011902972914015543,14,0.00011143894371650856,0.005714143962269755,1,0.7453367710113525,0.7444013953208923,,,PRUNED
136,0.7444546818733215,2023-04-24 12:38:15.685382,2023-04-24 12:38:18.487261,0 days 00:00:02.801879,0.019837995009569374,18,0.0003401577546107483,0.0034275981808187645,2,0.7444546818733215,,,,PRUNED
72,0.7445284128189087,2023-04-24 12:31:54.356232,2023-04-24 12:31:56.950595,0 days 00:00:02.594363,0.026828725389783727,16,0.00019083157127845705,0.002102627317772623,2,0.7476991415023804,0.7445284128189087,,,PRUNED
66,0.7445847988128662,2023-04-24 12:31:41.095060,2023-04-24 12:31:43.689804,0 days 00:00:02.594744,0.016907947651744887,6,0.0001601991531328634,0.0037234123046178077,2,0.7445847988128662,,,,PRUNED
124,0.7447539567947388,2023-04-24 12:37:06.354511,2023-04-24 12:37:24.814631,0 days 00:00:18.460120,0.02406822958090853,16,0.0003156058618900314,0.003261106788023478,2,0.7442234754562378,0.7397185564041138,0.7333205938339233,0.7447539567947388,PRUNED
109,0.744893491268158,2023-04-24 12:35:06.058352,2023-04-24 12:35:09.071376,0 days 00:00:03.013024,0.020478269610631962,4,0.00019946184334817966,0.004832359403351007,2,0.744893491268158,,,,PRUNED
105,0.7450471520423889,2023-04-24 12:34:38.489899,2023-04-24 12:34:44.941634,0 days 00:00:06.451735,0.013985504496873519,2,0.00010337231635613199,0.005228133780725216,1,0.7450471520423889,,,,PRUNED
201,0.7450500130653381,2023-04-24 12:42:49.580250,2023-04-24 12:42:52.184194,0 days 00:00:02.603944,0.01236487176325629,18,0.00015424187805845616,0.004557489179272258,2,0.740312397480011,0.7450500130653381,,,PRUNED
187,0.7452634572982788,2023-04-24 12:41:33.612169,2023-04-24 12:41:36.048698,0 days 00:00:02.436529,0.025068171231351313,8,0.0002249609471810427,0.0035727535946403557,2,0.7452634572982788,,,,PRUNED
9,0.7453437447547913,2023-04-24 12:26:09.035246,2023-04-24 12:26:11.820949,0 days 00:00:02.785703,0.018686744586318298,14,0.00038602136086481677,0.004027279087853322,3,0.7476955056190491,0.7453437447547913,,,PRUNED
158,0.7453556656837463,2023-04-24 12:39:41.377371,2023-04-24 12:39:44.292230,0 days 00:00:02.914859,0.011626035716883417,10,0.00010935367589148602,0.002919449274246545,1,0.7453556656837463,,,,PRUNED
14,0.7459205389022827,2023-04-24 12:26:49.606372,2023-04-24 12:26:52.081556,0 days 00:00:02.475184,0.01059434897542687,24,0.00010357654498680381,0.00381530089609093,3,0.7459205389022827,,,,PRUNED
85,0.7461984157562256,2023-04-24 12:32:46.646990,2023-04-24 12:32:49.422409,0 days 00:00:02.775419,0.010611495422912186,16,0.0002425714619957151,0.0027450382315810963,2,0.7461984157562256,,,,PRUNED
144,0.7463131546974182,2023-04-24 12:38:56.769215,2023-04-24 12:38:59.156880,0 days 00:00:02.387665,0.021336675257635117,10,0.0002943051512336272,0.002504724960213524,1,0.7463131546974182,,,,PRUNED
16,0.7464057207107544,2023-04-24 12:26:53.464801,2023-04-24 12:26:56.029814,0 days 00:00:02.565013,0.012974835271482722,10,0.00030783358005392176,0.0020902141847983125,3,0.7464057207107544,,,,PRUNED
51,0.7464123368263245,2023-04-24 12:30:03.254838,2023-04-24 12:30:06.096319,0 days 00:00:02.841481,0.02364315232893861,12,0.00032912791566318066,0.00279482818719006,2,0.7437553405761719,0.7464123368263245,,,PRUNED
37,0.7466519474983215,2023-04-24 12:29:04.275669,2023-04-24 12:29:06.940543,0 days 00:00:02.664874,0.02679394906582378,6,0.00011688967128811495,0.004865560369962303,2,0.7419739365577698,0.7466519474983215,,,PRUNED
147,0.7467519640922546,2023-04-24 12:39:02.068427,2023-04-24 12:39:03.479655,0 days 00:00:01.411228,0.013090378064898225,14,0.00017553444403794772,0.004083937593103549,2,0.7467519640922546,,,,PRUNED
226,0.7468314170837402,2023-04-24 12:45:17.142556,2023-04-24 12:45:18.802096,0 days 00:00:01.659540,0.02035111658555797,18,0.00012191314099116779,0.0052079747352786285,3,0.7468314170837402,,,,PRUNED
80,0.7468700408935547,2023-04-24 12:32:27.799778,2023-04-24 12:32:30.321072,0 days 00:00:02.521294,0.011437578608885456,8,0.000124398880672065,0.002540507546900727,1,0.7466439604759216,0.7468700408935547,,,PRUNED
199,0.7469322085380554,2023-04-24 12:42:21.191476,2023-04-24 12:42:43.611352,0 days 00:00:22.419876,0.012142821752270503,18,0.0006757211594828542,0.004334755009874094,2,0.732475996017456,0.728166937828064,,,COMPLETE
209,0.7469399571418762,2023-04-24 12:43:32.280858,2023-04-24 12:43:33.468733,0 days 00:00:01.187875,0.025049641984727897,18,0.0003149204778362861,0.005743870095507851,1,0.7469399571418762,,,,PRUNED
202,0.7471083402633667,2023-04-24 12:42:52.184694,2023-04-24 12:42:54.928051,0 days 00:00:02.743357,0.010686586035697932,18,0.0007098332216569318,0.004950261089450697,2,0.7471083402633667,,,,PRUNED
192,0.7471576929092407,2023-04-24 12:42:04.595055,2023-04-24 12:42:06.264282,0 days 00:00:01.669227,0.023037944155733455,22,0.0001006002539534889,0.002594944986336445,3,0.7471576929092407,,,,PRUNED
170,0.7471684813499451,2023-04-24 12:40:40.327787,2023-04-24 12:40:41.544537,0 days 00:00:01.216750,0.09564816852418229,14,0.0005592368305021835,0.006426453458174108,1,0.7471684813499451,,,,PRUNED
195,0.7472297549247742,2023-04-24 12:42:10.939612,2023-04-24 12:42:12.421602,0 days 00:00:01.481990,0.03153729568102943,20,0.0001416620753090234,0.0026965360860933736,3,0.7472297549247742,,,,PRUNED
22,0.7472532391548157,2023-04-24 12:27:09.817861,2023-04-24 12:27:12.656753,0 days 00:00:02.838892,0.01568978105248024,10,0.00023890559572249456,0.002516584426697148,1,0.748221755027771,0.7472532391548157,,,PRUNED
146,0.7473966479301453,2023-04-24 12:39:00.648894,2023-04-24 12:39:02.067928,0 days 00:00:01.419034,0.019102141676956112,2,0.00027695381564283016,0.005144581365132058,2,0.7473966479301453,,,,PRUNED
67,0.747430682182312,2023-04-24 12:31:43.690303,2023-04-24 12:31:46.239074,0 days 00:00:02.548771,0.02197173255812557,8,0.0003282857594814783,0.0011131998393507196,1,0.747430682182312,,,,PRUNED
35,0.7474683523178101,2023-04-24 12:29:00.256585,2023-04-24 12:29:02.828971,0 days 00:00:02.572386,0.02599160100272109,2,0.00011690202929032035,0.006947852082197343,1,0.7485953569412231,0.7474683523178101,,,PRUNED
143,0.7475484013557434,2023-04-24 12:38:55.260061,2023-04-24 12:38:56.769215,0 days 00:00:01.509154,0.01561707759437317,8,0.00020623987289782066,0.0022062800481553162,2,0.7475484013557434,,,,PRUNED
13,0.7477991580963135,2023-04-24 12:26:47.241652,2023-04-24 12:26:49.605872,0 days 00:00:02.364220,0.023150451178207954,8,0.0003520982976758024,0.0024059782261359446,2,0.7477991580963135,,,,PRUNED
110,0.7478671073913574,2023-04-24 12:35:09.071876,2023-04-24 12:35:11.729733,0 days 00:00:02.657857,0.013525876923927033,12,0.0001560142198999828,0.002929339912725813,3,0.7478671073913574,,,,PRUNED
208,0.7478686571121216,2023-04-24 12:43:29.436553,2023-04-24 12:43:32.280358,0 days 00:00:02.843805,0.020110741825008906,12,0.00029834518381762393,0.004758566960571045,3,0.7478686571121216,,,,PRUNED
244,0.7479551434516907,2023-04-24 12:46:54.525361,2023-04-24 12:46:57.245823,0 days 00:00:02.720462,0.02566138828880778,18,0.00017272444498827826,0.0015078379245567109,3,0.7479551434516907,,,,PRUNED
89,0.7481993436813354,2023-04-24 12:33:04.657738,2023-04-24 12:33:07.033572,0 days 00:00:02.375834,0.010001404246914326,8,0.00015723597458896217,0.0032110318413777353,2,0.7475285530090332,0.7481993436813354,,,PRUNED
148,0.7485015988349915,2023-04-24 12:39:03.480155,2023-04-24 12:39:04.904088,0 days 00:00:01.423933,0.01450957173181745,4,0.00023474094271967082,0.004780416435526512,2,0.7485015988349915,,,,PRUNED
156,0.7486523985862732,2023-04-24 12:39:27.988967,2023-04-24 12:39:40.046109,0 days 00:00:12.057142,0.02235646917363308,14,0.0001682806583859039,0.003682396283360233,2,0.7307754755020142,,,,COMPLETE
231,0.7487115859985352,2023-04-24 12:45:24.322702,2023-04-24 12:45:27.350433,0 days 00:00:03.027731,0.016099996139180936,12,0.0005135257256640985,0.004971326821713033,2,0.7487115859985352,,,,PRUNED
155,0.7487809062004089,2023-04-24 12:39:25.515747,2023-04-24 12:39:27.988967,0 days 00:00:02.473220,0.023610823337207577,12,0.00021630074815872448,0.004998557519689846,3,0.7454332709312439,0.7487809062004089,,,PRUNED
197,0.7490407228469849,2023-04-24 12:42:18.601007,2023-04-24 12:42:19.965979,0 days 00:00:01.364972,0.05330593380963548,16,0.0002852164473951186,0.0018732994363631122,2,0.7490407228469849,,,,PRUNED
241,0.7490630149841309,2023-04-24 12:46:32.697581,2023-04-24 12:46:34.094708,0 days 00:00:01.397127,0.02222599156191852,16,0.00017909558541737605,0.001981089295116988,3,0.7490630149841309,,,,PRUNED
68,0.7492008805274963,2023-04-24 12:31:46.239574,2023-04-24 12:31:48.586935,0 days 00:00:02.347361,0.014824634814267249,10,0.0002723961983879073,0.002238516296562012,2,0.7462289333343506,0.7492008805274963,,,PRUNED
164,0.7492586970329285,2023-04-24 12:40:09.810690,2023-04-24 12:40:11.055038,0 days 00:00:01.244348,0.02822056049978163,18,0.00030683067090133255,0.0019264852091242077,2,0.7492586970329285,,,,PRUNED
180,0.7495977282524109,2023-04-24 12:41:11.414002,2023-04-24 12:41:12.824999,0 days 00:00:01.410997,0.02758065804783625,6,0.0002586037229975469,0.006767549837889476,2,0.7495977282524109,,,,PRUNED
103,0.7496637105941772,2023-04-24 12:34:33.832746,2023-04-24 12:34:36.890046,0 days 00:00:03.057300,0.017211542728794663,10,0.00012136638010513301,0.004692441594069882,2,0.7409334778785706,0.7496637105941772,,,PRUNED
246,0.7496685981750488,2023-04-24 12:46:58.603525,2023-04-24 12:47:00.183947,0 days 00:00:01.580422,0.02139851193741399,18,0.0004368582218477131,0.0020978981192806005,3,0.7496685981750488,,,,PRUNED
54,0.7497381567955017,2023-04-24 12:30:08.931958,2023-04-24 12:30:14.965079,0 days 00:00:06.033121,0.02381750756164756,10,0.00043829354187302277,0.0033232925286931967,2,0.7416252493858337,0.7497381567955017,,,PRUNED
173,0.7499003410339355,2023-04-24 12:40:50.638805,2023-04-24 12:40:52.374080,0 days 00:00:01.735275,0.023238124307515044,18,0.0003756741147569766,0.0051501831200664585,2,0.7499003410339355,,,,PRUNED
183,0.7499443292617798,2023-04-24 12:41:17.097010,2023-04-24 12:41:23.275013,0 days 00:00:06.178003,0.05987411097441401,14,0.00015630119868135812,0.003689268809158209,2,0.7499443292617798,,,,PRUNED
69,0.7500395774841309,2023-04-24 12:31:48.587434,2023-04-24 12:31:50.958500,0 days 00:00:02.371066,0.014233125336714834,6,0.00014980936309196645,0.0027165314024539303,2,0.7500395774841309,,,,PRUNED
139,0.7501944303512573,2023-04-24 12:38:30.741996,2023-04-24 12:38:32.153405,0 days 00:00:01.411409,0.017766966396335834,12,0.00031164107801334235,0.003214278875240882,2,0.7501944303512573,,,,PRUNED
203,0.75029057264328,2023-04-24 12:42:54.928551,2023-04-24 12:42:56.372000,0 days 00:00:01.443449,0.024249805384065435,16,0.00010736091000559454,0.003910950708759591,2,0.75029057264328,,,,PRUNED
59,0.750411868095398,2023-04-24 12:31:16.407374,2023-04-24 12:31:19.171152,0 days 00:00:02.763778,0.01089466697934388,6,0.00020408894378179333,0.0017053639448574738,2,0.750411868095398,,,,PRUNED
17,0.7504807114601135,2023-04-24 12:26:56.030814,2023-04-24 12:26:58.339114,0 days 00:00:02.308300,0.02015153341821481,12,0.00040833452112644364,0.0010383072902937142,1,0.7504807114601135,,,,PRUNED
84,0.7508518099784851,2023-04-24 12:32:45.233204,2023-04-24 12:32:46.645990,0 days 00:00:01.412786,0.03278592292417225,20,0.0004427695797917292,0.004598253901127039,2,0.7508518099784851,,,,PRUNED
113,0.7508528232574463,2023-04-24 12:35:34.658523,2023-04-24 12:35:37.781370,0 days 00:00:03.122847,0.021610524259591576,22,0.0002111687026819847,0.005012855379269612,2,0.7434317469596863,0.7508528232574463,,,PRUNED
152,0.7508701086044312,2023-04-24 12:39:13.960635,2023-04-24 12:39:16.795653,0 days 00:00:02.835018,0.02480701103548331,16,0.00017029058391514017,0.0045663340114711765,2,0.7508701086044312,,,,PRUNED
94,0.7510083317756653,2023-04-24 12:33:15.435958,2023-04-24 12:33:17.048606,0 days 00:00:01.612648,0.023357557996813667,8,0.00012354566234050782,0.0030233887732492976,3,0.7510083317756653,,,,PRUNED
167,0.7511154413223267,2023-04-24 12:40:15.764890,2023-04-24 12:40:32.740090,0 days 00:00:16.975200,0.022606090186364277,18,0.00014539153130761683,0.0052844218943534065,2,0.7441180944442749,0.7408638596534729,0.7319531440734863,0.7511154413223267,PRUNED
171,0.7512178421020508,2023-04-24 12:40:41.545037,2023-04-24 12:40:44.286085,0 days 00:00:02.741048,0.024354352828666624,18,0.0003127339020784255,0.004679667913781432,2,0.7512178421020508,,,,PRUNED
42,0.7513017654418945,2023-04-24 12:29:29.007492,2023-04-24 12:29:31.674781,0 days 00:00:02.667289,0.01220086246972276,8,0.00018373336351611857,0.0036235488840816272,1,0.7450025081634521,0.7513017654418945,,,PRUNED
46,0.7514070272445679,2023-04-24 12:29:50.622216,2023-04-24 12:29:52.040444,0 days 00:00:01.418228,0.015070179055772879,14,0.0001890246150804647,0.003929834131774399,2,0.7514070272445679,,,,PRUNED
53,0.7515719532966614,2023-04-24 12:30:07.487047,2023-04-24 12:30:08.931459,0 days 00:00:01.444412,0.02152016828108077,14,0.0002559704792401927,0.0030989727807693847,2,0.7515719532966614,,,,PRUNED
48,0.7516482472419739,2023-04-24 12:29:58.055690,2023-04-24 12:30:00.696715,0 days 00:00:02.641025,0.013323605386050985,10,0.00015925220420467417,0.005041112850974829,3,0.7516482472419739,,,,PRUNED
93,0.751681923866272,2023-04-24 12:33:14.002260,2023-04-24 12:33:15.435458,0 days 00:00:01.433198,0.025276362908341315,10,0.0001367652572104254,0.0045269861635159805,3,0.751681923866272,,,,PRUNED
135,0.7518219351768494,2023-04-24 12:38:14.107965,2023-04-24 12:38:15.684379,0 days 00:00:01.576414,0.022408558296932248,14,0.000199552353762657,0.0020202181190804155,2,0.7518219351768494,,,,PRUNED
120,0.7518724203109741,2023-04-24 12:36:28.942691,2023-04-24 12:36:31.906205,0 days 00:00:02.963514,0.02770712490545465,14,0.00024566225129741333,0.0071395720973251395,2,0.7455897331237793,0.7518724203109741,,,PRUNED
179,0.7521682381629944,2023-04-24 12:41:10.250918,2023-04-24 12:41:11.413502,0 days 00:00:01.162584,0.022156603433991673,18,0.00027401903192824495,0.0060430422897563155,2,0.7521682381629944,,,,PRUNED
104,0.7524216175079346,2023-04-24 12:34:36.890553,2023-04-24 12:34:38.489399,0 days 00:00:01.598846,0.01874864230962768,8,0.0001159504772422309,0.0018451497154812803,2,0.7524216175079346,,,,PRUNED
87,0.7525650858879089,2023-04-24 12:32:55.792890,2023-04-24 12:32:58.565844,0 days 00:00:02.772954,0.027463491872694153,14,0.00010880464873354115,0.001498312888127106,2,0.7484553456306458,0.7525650858879089,,,PRUNED
128,0.7527223825454712,2023-04-24 12:37:35.863435,2023-04-24 12:37:39.196749,0 days 00:00:03.333314,0.012461986452476108,6,0.0002574905858882672,0.0028357333032132726,2,0.7527223825454712,,,,PRUNED
64,0.7528608441352844,2023-04-24 12:31:34.513365,2023-04-24 12:31:35.574393,0 days 00:00:01.061028,0.01893575766376814,12,0.0002987857686147963,0.0026094307876002175,2,0.7528608441352844,,,,PRUNED
18,0.7528738975524902,2023-04-24 12:26:58.339614,2023-04-24 12:27:00.860778,0 days 00:00:02.521164,0.0143243446244531,4,0.00020576254487646042,0.0029343233846321867,2,0.7528738975524902,,,,PRUNED
7,0.7533288598060608,2023-04-24 12:25:38.354741,2023-04-24 12:25:39.287861,0 days 00:00:00.933120,0.011982739275958654,18,0.0008096198600281638,0.0015537746353329162,1,0.7533288598060608,,,,PRUNED
50,0.7536771893501282,2023-04-24 12:30:02.138934,2023-04-24 12:30:03.254339,0 days 00:00:01.115405,0.012955508208293005,12,0.00013906487368903501,0.0012435686893579158,2,0.7536771893501282,,,,PRUNED
161,0.7537074685096741,2023-04-24 12:39:48.065216,2023-04-24 12:39:49.766466,0 days 00:00:01.701250,0.024502678779339822,18,0.00029603480694227345,0.005372125769871992,2,0.7537074685096741,,,,PRUNED
228,0.7543026208877563,2023-04-24 12:45:20.275250,2023-04-24 12:45:21.587838,0 days 00:00:01.312588,0.04747849676648942,16,0.00015040474881490508,0.0023104988000695074,2,0.7543026208877563,,,,PRUNED
249,0.75455641746521,2023-04-24 12:47:18.856638,2023-04-24 12:47:20.517208,0 days 00:00:01.660570,0.08899204988744361,16,0.000300283525887604,0.0017046196084833994,2,0.75455641746521,,,,PRUNED
33,0.7546781301498413,2023-04-24 12:28:43.612877,2023-04-24 12:28:44.786569,0 days 00:00:01.173692,0.014297665062068959,4,0.00010117378527069171,0.003765537377853542,1,0.7546781301498413,,,,PRUNED
45,0.7546893954277039,2023-04-24 12:29:49.079791,2023-04-24 12:29:50.622216,0 days 00:00:01.542425,0.01830337939928883,8,0.00016600576120400545,0.004406771573457057,1,0.7546893954277039,,,,PRUNED
240,0.7547188401222229,2023-04-24 12:46:31.217535,2023-04-24 12:46:32.697081,0 days 00:00:01.479546,0.023255849440312195,16,0.00018177611915409862,0.0014572013353366386,2,0.7547188401222229,,,,PRUNED
185,0.7547517418861389,2023-04-24 12:41:25.726089,2023-04-24 12:41:27.433261,0 days 00:00:01.707172,0.015867868349770782,10,0.0001892276354011645,0.004017427418594275,2,0.7547517418861389,,,,PRUNED
218,0.7548826336860657,2023-04-24 12:44:35.264225,2023-04-24 12:44:37.118945,0 days 00:00:01.854720,0.08091132648770252,16,0.00011598451928366584,0.0017537538265596081,2,0.7548826336860657,,,,PRUNED
82,0.755318820476532,2023-04-24 12:32:31.366886,2023-04-24 12:32:32.661106,0 days 00:00:01.294220,0.06468670657885622,18,0.0001805393971962797,0.004957648228674882,2,0.755318820476532,,,,PRUNED
76,0.7555609345436096,2023-04-24 12:32:07.799663,2023-04-24 12:32:08.914109,0 days 00:00:01.114446,0.012589076241929164,8,0.00016606480889885293,0.0024392341586845162,1,0.7555609345436096,,,,PRUNED
19,0.7556084990501404,2023-04-24 12:27:00.861278,2023-04-24 12:27:02.537302,0 days 00:00:01.676024,0.02814211558529917,12,0.0001429433473560796,0.0016334145187594112,2,0.7556084990501404,,,,PRUNED
6,0.755785346031189,2023-04-24 12:25:36.898332,2023-04-24 12:25:38.354241,0 days 00:00:01.455909,0.010320157718218056,18,0.0002769232374338485,0.001745403690913504,3,0.755785346031189,,,,PRUNED
178,0.7562272548675537,2023-04-24 12:41:08.786900,2023-04-24 12:41:10.250414,0 days 00:00:01.463514,0.023995562932929246,16,0.00035900867906829277,0.0014410528977430097,2,0.7562272548675537,,,,PRUNED
56,0.7565717101097107,2023-04-24 12:30:40.144876,2023-04-24 12:30:41.565019,0 days 00:00:01.420143,0.01997859634212385,6,0.00019184988638583413,0.0018176514573806314,2,0.7565717101097107,,,,PRUNED
5,0.756863534450531,2023-04-24 12:25:18.302993,2023-04-24 12:25:36.897832,0 days 00:00:18.594839,0.07500434841936934,20,0.00023629623582224372,0.002450204866885597,3,0.7378268837928772,0.7515621185302734,,,COMPLETE
38,0.7572462558746338,2023-04-24 12:29:06.941044,2023-04-24 12:29:08.289499,0 days 00:00:01.348455,0.02282415249278278,4,0.00015233685115480087,0.005350208912973015,2,0.7572462558746338,,,,PRUNED
4,0.7572649717330933,2023-04-24 12:25:16.955301,2023-04-24 12:25:18.302492,0 days 00:00:01.347191,0.04568703255690492,18,0.00011053979009990901,0.005338453639207161,1,0.7572649717330933,,,,PRUNED
74,0.757526695728302,2023-04-24 12:31:59.915301,2023-04-24 12:32:01.572637,0 days 00:00:01.657336,0.029485514965514048,20,0.00020780070394773025,0.0030016752292559676,3,0.757526695728302,,,,PRUNED
157,0.757648766040802,2023-04-24 12:39:40.047111,2023-04-24 12:39:41.376369,0 days 00:00:01.329258,0.024312169536322932,16,0.0001311862341849351,0.0016859875285966952,2,0.757648766040802,,,,PRUNED
49,0.7577224969863892,2023-04-24 12:30:00.697215,2023-04-24 12:30:02.138434,0 days 00:00:01.441219,0.016833920516102916,20,0.00022354886146970474,0.001489643762709615,1,0.7577224969863892,,,,PRUNED
168,0.7580193281173706,2023-04-24 12:40:32.741092,2023-04-24 12:40:33.882943,0 days 00:00:01.141851,0.01963819432527615,8,0.00028586712809442984,0.0057309037564159055,2,0.7580193281173706,,,,PRUNED
36,0.7582725286483765,2023-04-24 12:29:02.829471,2023-04-24 12:29:04.275169,0 days 00:00:01.445698,0.03869553036866262,6,0.00014980386981500415,0.00795544063269425,3,0.7582725286483765,,,,PRUNED
97,0.758301317691803,2023-04-24 12:33:37.125934,2023-04-24 12:33:39.501621,0 days 00:00:02.375687,0.02611217695643655,6,0.00011815924029211177,0.004849180917836298,2,0.7485256195068359,0.758301317691803,,,PRUNED
27,0.758327066898346,2023-04-24 12:27:38.526628,2023-04-24 12:27:39.815421,0 days 00:00:01.288793,0.018057084082150093,14,0.00025708139412364804,0.0060848143371770545,1,0.758327066898346,,,,PRUNED
229,0.7583407163619995,2023-04-24 12:45:21.588338,2023-04-24 12:45:23.202549,0 days 00:00:01.614211,0.03352210083584834,6,0.0003554123909793455,0.0025918090593159073,2,0.7583407163619995,,,,PRUNED
81,0.758660614490509,2023-04-24 12:32:30.321572,2023-04-24 12:32:31.366386,0 days 00:00:01.044814,0.089320039746154,16,0.0009758962001615101,0.005700859308922259,2,0.758660614490509,,,,PRUNED
225,0.7586922645568848,2023-04-24 12:45:15.853066,2023-04-24 12:45:17.141556,0 days 00:00:01.288490,0.018357136554054302,24,0.00013515887548176187,0.004434333820503984,2,0.7586922645568848,,,,PRUNED
91,0.7591641545295715,2023-04-24 12:33:08.312313,2023-04-24 12:33:11.093069,0 days 00:00:02.780756,0.020694730492427326,12,0.00010635228981078404,0.00625272190703579,3,0.738867461681366,0.7591641545295715,,,PRUNED
3,0.7595726847648621,2023-04-24 12:25:11.115015,2023-04-24 12:25:16.954801,0 days 00:00:05.839786,0.024683294617745058,16,0.0007008640366337674,0.008153870190002735,2,0.7458516955375671,0.7415527701377869,0.7595726847648621,,PRUNED
217,0.7598452568054199,2023-04-24 12:44:33.393194,2023-04-24 12:44:35.263726,0 days 00:00:01.870532,0.014648399318773046,4,0.00024412404726855048,0.005959961147218909,2,0.7598452568054199,,,,PRUNED
193,0.760272741317749,2023-04-24 12:42:06.264782,2023-04-24 12:42:08.268665,0 days 00:00:02.003883,0.07104683022086887,14,0.00017818879366972016,0.0023916851789200374,3,0.760272741317749,,,,PRUNED
154,0.7609583139419556,2023-04-24 12:39:22.601433,2023-04-24 12:39:25.515247,0 days 00:00:02.913814,0.011073936779998983,18,0.00015152853615022418,0.005292691279468106,2,0.7609583139419556,,,,PRUNED
189,0.7609661221504211,2023-04-24 12:41:52.668407,2023-04-24 12:41:55.593812,0 days 00:00:02.925405,0.018973407973351834,4,0.0002484637403879675,0.0021094140636173583,2,0.7609661221504211,,,,PRUNED
145,0.7611619234085083,2023-04-24 12:38:59.157380,2023-04-24 12:39:00.648394,0 days 00:00:01.491014,0.023536443273170126,8,0.0001009729066569356,0.005924626957055768,3,0.7611619234085083,,,,PRUNED
222,0.7611995339393616,2023-04-24 12:45:00.380843,2023-04-24 12:45:03.195833,0 days 00:00:02.814990,0.017089780773780785,12,0.0002688797554435174,0.005639849630094118,2,0.7611995339393616,,,,PRUNED
223,0.7614395022392273,2023-04-24 12:45:03.196333,2023-04-24 12:45:04.515665,0 days 00:00:01.319332,0.01604534712539036,12,0.00025733162539146216,0.004793876980748482,2,0.7614395022392273,,,,PRUNED
133,0.7616418600082397,2023-04-24 12:38:05.217020,2023-04-24 12:38:07.805981,0 days 00:00:02.588961,0.028200433256365565,16,0.0002182383499565587,0.002741554082980382,2,0.7616418600082397,,,,PRUNED
194,0.7622159719467163,2023-04-24 12:42:08.269164,2023-04-24 12:42:10.939612,0 days 00:00:02.670448,0.011698578631264868,22,0.00022162053102897807,0.002254125422142345,3,0.7622159719467163,,,,PRUNED
245,0.7629900574684143,2023-04-24 12:46:57.246323,2023-04-24 12:46:58.602525,0 days 00:00:01.356202,0.06761972843920827,14,0.0009085839667145701,0.0018608427904065288,3,0.7629900574684143,,,,PRUNED
70,0.7631734609603882,2023-04-24 12:31:50.959000,2023-04-24 12:31:52.225981,0 days 00:00:01.266981,0.019681035427392492,4,0.00017428010555387604,0.0024195531669046117,1,0.7631734609603882,,,,PRUNED
159,0.7634774446487427,2023-04-24 12:39:44.292731,2023-04-24 12:39:46.803898,0 days 00:00:02.511167,0.018176843026415593,6,0.00030543618495503986,0.00564016698097124,2,0.7411596775054932,0.7634774446487427,,,PRUNED
62,0.763779878616333,2023-04-24 12:31:26.809916,2023-04-24 12:31:28.268580,0 days 00:00:01.458664,0.020886191971647396,8,0.0002534516687413667,0.0020172424520072396,2,0.763779878616333,,,,PRUNED
126,0.7649893164634705,2023-04-24 12:37:26.009507,2023-04-24 12:37:28.297031,0 days 00:00:02.287524,0.029276559354934215,18,0.000177734230927372,0.00308893757835759,2,0.7649893164634705,,,,PRUNED
44,0.7664260864257812,2023-04-24 12:29:47.923982,2023-04-24 12:29:49.079291,0 days 00:00:01.155309,0.010139194664848068,24,0.00014212923559090335,0.0032071157608129512,1,0.7664260864257812,,,,PRUNED
39,0.7671216726303101,2023-04-24 12:29:08.290000,2023-04-24 12:29:10.738795,0 days 00:00:02.448795,0.03528178497555823,16,0.00013036060559261706,0.00932542368617674,1,0.7492169737815857,0.7671216726303101,,,PRUNED
175,0.7677047252655029,2023-04-24 12:40:58.369815,2023-04-24 12:40:59.623353,0 days 00:00:01.253538,0.026063206620516144,16,0.00032571695568574434,0.0055751206625172,2,0.7677047252655029,,,,PRUNED
242,0.7677701115608215,2023-04-24 12:46:34.095208,2023-04-24 12:46:36.669479,0 days 00:00:02.574271,0.02373272358784136,16,0.0001978755987524041,0.0027392697576177722,3,0.741235077381134,0.7677701115608215,,,PRUNED
165,0.7678008675575256,2023-04-24 12:40:11.055538,2023-04-24 12:40:13.133300,0 days 00:00:02.077762,0.014081336384725088,16,0.00011412667668462547,0.001533424825198141,2,0.7678008675575256,,,,PRUNED
181,0.7685039639472961,2023-04-24 12:41:12.825499,2023-04-24 12:41:14.229155,0 days 00:00:01.403656,0.022666615009684088,14,0.0001728626970417067,0.0037767356145434294,2,0.7685039639472961,,,,PRUNED
198,0.7689517736434937,2023-04-24 12:42:19.966479,2023-04-24 12:42:21.190972,0 days 00:00:01.224493,0.025969891424262412,6,0.00020258789251654017,0.0020263595390111844,1,0.7689517736434937,,,,PRUNED
60,0.7704502940177917,2023-04-24 12:31:19.171652,2023-04-24 12:31:20.614122,0 days 00:00:01.442470,0.01538933782636198,2,0.00014222438844325219,0.0022869168849279234,3,0.7704502940177917,,,,PRUNED
21,0.7705961465835571,2023-04-24 12:27:08.726568,2023-04-24 12:27:09.817360,0 days 00:00:01.090792,0.014065900362956853,8,0.00018390879019033768,0.003008348984353555,1,0.7705961465835571,,,,PRUNED
92,0.7710752487182617,2023-04-24 12:33:11.093572,2023-04-24 12:33:14.001760,0 days 00:00:02.908188,0.021084279776889137,10,0.00011439297802003354,0.005418406875449416,3,0.7407905459403992,0.7710752487182617,,,PRUNED
52,0.7712105512619019,2023-04-24 12:30:06.096819,2023-04-24 12:30:07.486547,0 days 00:00:01.389728,0.02880335198416814,12,0.0002863073951743613,0.0026280731348051712,2,0.7712105512619019,,,,PRUNED
230,0.7715522050857544,2023-04-24 12:45:23.203049,2023-04-24 12:45:24.322202,0 days 00:00:01.119153,0.019402827603617175,10,0.0002928122684563707,0.004608797814109257,2,0.7715522050857544,,,,PRUNED
247,0.7722001075744629,2023-04-24 12:47:00.184448,2023-04-24 12:47:01.377041,0 days 00:00:01.192593,0.07678417492984284,22,0.0001443188400438576,0.0010059262113734364,2,0.7722001075744629,,,,PRUNED
151,0.773027777671814,2023-04-24 12:39:12.244719,2023-04-24 12:39:13.960135,0 days 00:00:01.715416,0.02190058149670386,16,0.00016262103061905197,0.004440469199751281,3,0.773027777671814,,,,PRUNED
235,0.7739884853363037,2023-04-24 12:45:53.395302,2023-04-24 12:45:55.132751,0 days 00:00:01.737449,0.02459436192943738,14,0.00017034363686747685,0.006066860467445532,2,0.7739884853363037,,,,PRUNED
125,0.7743498086929321,2023-04-24 12:37:24.815132,2023-04-24 12:37:26.009008,0 days 00:00:01.193876,0.026750054336874655,16,0.00032756971897756167,0.003551759919873799,2,0.7743498086929321,,,,PRUNED
219,0.7752070426940918,2023-04-24 12:44:37.119446,2023-04-24 12:44:40.897733,0 days 00:00:03.778287,0.022552604163877506,14,0.0003368469184073908,0.004105250076218369,2,0.7752070426940918,,,,PRUNED
160,0.7752302885055542,2023-04-24 12:39:46.804399,2023-04-24 12:39:48.064717,0 days 00:00:01.260318,0.026423744295195208,18,0.00017989043684386546,0.0033637576745310523,2,0.7752302885055542,,,,PRUNED
210,0.7753044366836548,2023-04-24 12:43:33.469233,2023-04-24 12:43:36.215712,0 days 00:00:02.746479,0.021548596218379772,8,0.0002130331568177479,0.0030812971928438296,2,0.7753044366836548,,,,PRUNED
96,0.7767310738563538,2023-04-24 12:33:34.197540,2023-04-24 12:33:37.125433,0 days 00:00:02.927893,0.021501072292218516,6,0.00013093656228453995,0.006693337841922732,3,0.743772029876709,0.7767310738563538,,,PRUNED
71,0.7800875306129456,2023-04-24 12:31:52.226481,2023-04-24 12:31:54.355732,0 days 00:00:02.129251,0.054573246810985035,22,0.00021700822487176707,0.001954045430037997,2,0.7800875306129456,,,,PRUNED
227,0.7805032134056091,2023-04-24 12:45:18.802596,2023-04-24 12:45:20.274750,0 days 00:00:01.472154,0.017554107632863875,24,0.00040914164814904075,0.005875182755701776,2,0.7805032134056091,,,,PRUNED
90,0.7815539240837097,2023-04-24 12:33:07.034072,2023-04-24 12:33:08.311813,0 days 00:00:01.277741,0.01752621714286568,10,0.00017068474793294075,0.0013688951646732219,1,0.7815539240837097,,,,PRUNED
232,0.7874897122383118,2023-04-24 12:45:27.351434,2023-04-24 12:45:29.909429,0 days 00:00:02.557995,0.017072164330965072,22,0.0005815138164169292,0.005450527702102088,2,0.7874897122383118,,,,PRUNED
150,0.7890247106552124,2023-04-24 12:39:10.852178,2023-04-24 12:39:12.244219,0 days 00:00:01.392041,0.02557643006415365,10,0.0001940691346375906,0.0015886493430779386,1,0.7890247106552124,,,,PRUNED
116,0.7968150973320007,2023-04-24 12:36:01.265880,2023-04-24 12:36:03.171884,0 days 00:00:01.906004,0.022988352021584422,18,0.0002303171207961788,0.006204437698369615,2,0.7460734248161316,0.7968150973320007,,,PRUNED
15,0.7993046045303345,2023-04-24 12:26:52.082057,2023-04-24 12:26:53.464301,0 days 00:00:01.382244,0.015870344295457497,4,0.00017698096425316647,0.0013128400526306186,2,0.7993046045303345,,,,PRUNED
221,0.8041552305221558,2023-04-24 12:44:57.896950,2023-04-24 12:45:00.380343,0 days 00:00:02.483393,0.01526358978262871,12,0.0002683875788501338,0.0054350507682159035,2,0.8041552305221558,,,,PRUNED
10,0.8367772102355957,2023-04-24 12:26:11.821449,2023-04-24 12:26:13.258377,0 days 00:00:01.436928,0.03066915652123924,2,0.00013406372742679043,0.0012314975274312085,3,0.8367772102355957,,,,PRUNED
